Building,Time,Weekday,Student_Count_Building
Academ,8:00,Thursday,51
Alfier,8:00,Thursday,90
Baldy,8:00,Thursday,75
Clemen,8:00,Thursday,99
Davis,8:00,Thursday,21
Frnczk,8:00,Thursday,80
Furnas,8:00,Thursday,18
Hoch,8:00,Thursday,105
Jacobs,8:00,Thursday,18
Nsc,8:00,Thursday,249
Obrian,8:00,Thursday,23
Talbrt,8:00,Thursday,88
Ubcmns,8:00,Thursday,3
Academ,8:00,Tuesday,51
Alfier,8:00,Tuesday,90
Baldy,8:00,Tuesday,85
Bell,8:00,Tuesday,11
Clemen,8:00,Tuesday,136
Cooke,8:00,Tuesday,20
Davis,8:00,Tuesday,21
Frnczk,8:00,Tuesday,46
Furnas,8:00,Tuesday,34
Hoch,8:00,Tuesday,104
Nsc,8:00,Tuesday,249
Obrian,8:00,Tuesday,23
Park,8:00,Tuesday,82
Talbrt,8:00,Tuesday,113
Ubcmns,8:00,Tuesday,3
Academ,8:15,Thursday,51
Alfier,8:15,Thursday,90
Baldy,8:15,Thursday,75
Clemen,8:15,Thursday,99
Cooke,8:15,Thursday,24
Davis,8:15,Thursday,21
Frnczk,8:15,Thursday,80
Furnas,8:15,Thursday,18
Hoch,8:15,Thursday,105
Jacobs,8:15,Thursday,18
Nsc,8:15,Thursday,249
Obrian,8:15,Thursday,23
Talbrt,8:15,Thursday,88
Ubcmns,8:15,Thursday,3
Academ,8:15,Tuesday,51
Alfier,8:15,Tuesday,90
Baldy,8:15,Tuesday,85
Bell,8:15,Tuesday,11
Clemen,8:15,Tuesday,136
Cooke,8:15,Tuesday,44
Davis,8:15,Tuesday,21
Frnczk,8:15,Tuesday,46
Furnas,8:15,Tuesday,34
Hoch,8:15,Tuesday,104
Nsc,8:15,Tuesday,249
Obrian,8:15,Tuesday,23
Park,8:15,Tuesday,82
Talbrt,8:15,Tuesday,113
Ubcmns,8:15,Tuesday,3
Academ,8:30,Thursday,51
Alfier,8:30,Thursday,90
Alumni,8:30,Thursday,3
Baldy,8:30,Thursday,75
Clemen,8:30,Thursday,99
Cooke,8:30,Thursday,24
Davis,8:30,Thursday,21
Frnczk,8:30,Thursday,136
Furnas,8:30,Thursday,18
Hoch,8:30,Thursday,123
Jacobs,8:30,Thursday,18
Nsc,8:30,Thursday,249
Obrian,8:30,Thursday,34
Talbrt,8:30,Thursday,88
Ubcmns,8:30,Thursday,3
Academ,8:30,Tuesday,51
Alfier,8:30,Tuesday,90
Alumni,8:30,Tuesday,3
Baldy,8:30,Tuesday,85
Bell,8:30,Tuesday,11
Capen,8:30,Tuesday,24
Clemen,8:30,Tuesday,136
Cooke,8:30,Tuesday,50
Davis,8:30,Tuesday,21
Frnczk,8:30,Tuesday,46
Furnas,8:30,Tuesday,34
Hoch,8:30,Tuesday,125
Nsc,8:30,Tuesday,249
Obrian,8:30,Tuesday,34
Park,8:30,Tuesday,82
Talbrt,8:30,Tuesday,113
Ubcmns,8:30,Tuesday,3
Academ,8:45,Thursday,51
Alfier,8:45,Thursday,90
Alumni,8:45,Thursday,3
Baldy,8:45,Thursday,51
Clemen,8:45,Thursday,99
Cooke,8:45,Thursday,24
Davis,8:45,Thursday,21
Frnczk,8:45,Thursday,101
Furnas,8:45,Thursday,18
Hoch,8:45,Thursday,99
Nsc,8:45,Thursday,249
Obrian,8:45,Thursday,34
Talbrt,8:45,Thursday,65
Ubcmns,8:45,Thursday,3
Academ,8:45,Tuesday,51
Alfier,8:45,Tuesday,90
Alumni,8:45,Tuesday,3
Baldy,8:45,Tuesday,85
Capen,8:45,Tuesday,24
Clemen,8:45,Tuesday,136
Cooke,8:45,Tuesday,30
Davis,8:45,Tuesday,21
Frnczk,8:45,Tuesday,45
Furnas,8:45,Tuesday,34
Hoch,8:45,Tuesday,102
Nsc,8:45,Tuesday,249
Obrian,8:45,Tuesday,34
Talbrt,8:45,Tuesday,65
Ubcmns,8:45,Tuesday,3
Academ,9:00,Friday,46
Alfier,9:00,Friday,25
Baird,9:00,Friday,64
Baldy,9:00,Friday,212
Bell,9:00,Friday,59
Bonner,9:00,Friday,11
Capen,9:00,Friday,89
Clemen,9:00,Friday,281
Cooke,9:00,Friday,312
Davis,9:00,Friday,72
Frnczk,9:00,Friday,101
Hoch,9:00,Friday,136
Jacobs,9:00,Friday,153
Knox,9:00,Friday,387
Math,9:00,Friday,65
Norton,9:00,Friday,232
Nsc,9:00,Friday,827
Obrian,9:00,Friday,105
Park,9:00,Friday,60
Talbrt,9:00,Friday,108
Ubcmns,9:00,Friday,7
Academ,9:00,Monday,102
Alfier,9:00,Monday,78
Alumni,9:00,Monday,47
Baird,9:00,Monday,64
Baldy,9:00,Monday,299
Bell,9:00,Monday,74
CFA,9:00,Monday,90
Capen,9:00,Monday,119
Cfa,9:00,Monday,45
Clemen,9:00,Monday,300
Cooke,9:00,Monday,245
Davis,9:00,Monday,72
Frnczk,9:00,Monday,59
Grein,9:00,Monday,32
Hoch,9:00,Monday,136
Jacobs,9:00,Monday,113
Knox,9:00,Monday,423
Math,9:00,Monday,65
Norton,9:00,Monday,311
Nsc,9:00,Monday,827
Obrian,9:00,Monday,349
Park,9:00,Monday,66
Talbrt,9:00,Monday,152
Academ,9:00,Thursday,69
Alfier,9:00,Thursday,90
Alumni,9:00,Thursday,26
Baird,9:00,Thursday,128
Baldy,9:00,Thursday,51
Bonner,9:00,Thursday,8
CFA,9:00,Thursday,110
Cfa,9:00,Thursday,62
Clemen,9:00,Thursday,134
Cooke,9:00,Thursday,24
Davis,9:00,Thursday,21
Frnczk,9:00,Thursday,140
Furnas,9:00,Thursday,18
Hoch,9:00,Thursday,99
Jacobs,9:00,Thursday,48
Nsc,9:00,Thursday,320
Obrian,9:00,Thursday,265
Park,9:00,Thursday,21
Talbrt,9:00,Thursday,78
Ubcmns,9:00,Thursday,3
Academ,9:00,Tuesday,88
Alfier,9:00,Tuesday,90
Alumni,9:00,Tuesday,26
Baird,9:00,Tuesday,128
Baldy,9:00,Tuesday,100
Bell,9:00,Tuesday,10
Bonner,9:00,Tuesday,8
CFA,9:00,Tuesday,110
Capen,9:00,Tuesday,54
Cfa,9:00,Tuesday,62
Clemen,9:00,Tuesday,136
Cooke,9:00,Tuesday,30
Davis,9:00,Tuesday,21
Frnczk,9:00,Tuesday,125
Furnas,9:00,Tuesday,34
Hoch,9:00,Tuesday,102
Jacobs,9:00,Tuesday,27
Nsc,9:00,Tuesday,370
Obrian,9:00,Tuesday,319
Park,9:00,Tuesday,8
Talbrt,9:00,Tuesday,78
Ubcmns,9:00,Tuesday,3
Academ,9:00,Wednesday,56
Alfier,9:00,Wednesday,78
Alumni,9:00,Wednesday,49
Baird,9:00,Wednesday,64
Baldy,9:00,Wednesday,242
Bell,9:00,Wednesday,60
CFA,9:00,Wednesday,90
Capen,9:00,Wednesday,91
Cfa,9:00,Wednesday,45
Clemen,9:00,Wednesday,372
Cooke,9:00,Wednesday,293
Davis,9:00,Wednesday,72
Frnczk,9:00,Wednesday,169
Furnas,9:00,Wednesday,28
Hoch,9:00,Wednesday,136
Jacobs,9:00,Wednesday,88
Jarvis,9:00,Wednesday,5
Ketter,9:00,Wednesday,17
Knox,9:00,Wednesday,423
Math,9:00,Wednesday,65
Norton,9:00,Wednesday,303
Nsc,9:00,Wednesday,917
Obrian,9:00,Wednesday,396
Park,9:00,Wednesday,90
Talbrt,9:00,Wednesday,134
Academ,9:15,Friday,46
Alfier,9:15,Friday,25
Baird,9:15,Friday,64
Baldy,9:15,Friday,212
Bell,9:15,Friday,59
Bonner,9:15,Friday,11
Capen,9:15,Friday,121
Clemen,9:15,Friday,281
Cooke,9:15,Friday,311
Davis,9:15,Friday,72
Frnczk,9:15,Friday,101
Hoch,9:15,Friday,136
Jacobs,9:15,Friday,153
Knox,9:15,Friday,387
Math,9:15,Friday,65
Norton,9:15,Friday,232
Nsc,9:15,Friday,827
Obrian,9:15,Friday,105
Park,9:15,Friday,60
Talbrt,9:15,Friday,142
Ubcmns,9:15,Friday,7
Academ,9:15,Monday,102
Alumni,9:15,Monday,47
Baird,9:15,Monday,64
Baldy,9:15,Monday,299
Bell,9:15,Monday,74
CFA,9:15,Monday,90
Capen,9:15,Monday,151
Cfa,9:15,Monday,45
Clemen,9:15,Monday,300
Cooke,9:15,Monday,244
Davis,9:15,Monday,72
Frnczk,9:15,Monday,59
Grein,9:15,Monday,32
Hoch,9:15,Monday,136
Jacobs,9:15,Monday,76
Knox,9:15,Monday,387
Math,9:15,Monday,65
Norton,9:15,Monday,311
Nsc,9:15,Monday,827
Obrian,9:15,Monday,319
Park,9:15,Monday,66
Talbrt,9:15,Monday,186
Academ,9:15,Thursday,18
Alumni,9:15,Thursday,26
Baird,9:15,Thursday,128
Baldy,9:15,Thursday,51
Bonner,9:15,Thursday,8
CFA,9:15,Thursday,110
Cfa,9:15,Thursday,62
Clemen,9:15,Thursday,35
Cooke,9:15,Thursday,24
Frnczk,9:15,Thursday,39
Furnas,9:15,Thursday,18
Hoch,9:15,Thursday,18
Jacobs,9:15,Thursday,48
Nsc,9:15,Thursday,71
Obrian,9:15,Thursday,247
Park,9:15,Thursday,21
Talbrt,9:15,Thursday,48
Academ,9:15,Tuesday,37
Alumni,9:15,Tuesday,26
Baird,9:15,Tuesday,128
Baldy,9:15,Tuesday,65
Bell,9:15,Tuesday,10
Bonner,9:15,Tuesday,8
CFA,9:15,Tuesday,110
Capen,9:15,Tuesday,30
Cfa,9:15,Tuesday,62
Cooke,9:15,Tuesday,24
Frnczk,9:15,Tuesday,80
Furnas,9:15,Tuesday,34
Hoch,9:15,Tuesday,21
Jacobs,9:15,Tuesday,27
Nsc,9:15,Tuesday,121
Obrian,9:15,Tuesday,301
Park,9:15,Tuesday,8
Talbrt,9:15,Tuesday,48
Academ,9:15,Wednesday,56
Alumni,9:15,Wednesday,49
Baird,9:15,Wednesday,64
Baldy,9:15,Wednesday,242
Bell,9:15,Wednesday,60
CFA,9:15,Wednesday,90
Capen,9:15,Wednesday,123
Cfa,9:15,Wednesday,45
Clemen,9:15,Wednesday,372
Cooke,9:15,Wednesday,292
Davis,9:15,Wednesday,72
Frnczk,9:15,Wednesday,169
Furnas,9:15,Wednesday,28
Hoch,9:15,Wednesday,136
Jacobs,9:15,Wednesday,51
Jarvis,9:15,Wednesday,5
Ketter,9:15,Wednesday,17
Knox,9:15,Wednesday,387
Math,9:15,Wednesday,65
Norton,9:15,Wednesday,303
Nsc,9:15,Wednesday,917
Obrian,9:15,Wednesday,366
Park,9:15,Wednesday,90
Talbrt,9:15,Wednesday,168
Academ,9:30,Friday,46
Alfier,9:30,Friday,25
Baird,9:30,Friday,64
Baldy,9:30,Friday,239
Bell,9:30,Friday,59
Bonner,9:30,Friday,18
Capen,9:30,Friday,121
Clemen,9:30,Friday,281
Cooke,9:30,Friday,311
Davis,9:30,Friday,72
Frnczk,9:30,Friday,111
Hoch,9:30,Friday,136
Jacobs,9:30,Friday,153
Knox,9:30,Friday,387
Math,9:30,Friday,65
Norton,9:30,Friday,232
Nsc,9:30,Friday,827
Obrian,9:30,Friday,105
Park,9:30,Friday,60
Talbrt,9:30,Friday,182
Ubcmns,9:30,Friday,7
Academ,9:30,Monday,127
Alfier,9:30,Monday,98
Alumni,9:30,Monday,47
Baird,9:30,Monday,64
Baldy,9:30,Monday,354
Bell,9:30,Monday,74
CFA,9:30,Monday,90
Capen,9:30,Monday,163
Cfa,9:30,Monday,45
Clemen,9:30,Monday,347
Cooke,9:30,Monday,244
Davis,9:30,Monday,72
Frnczk,9:30,Monday,65
Grein,9:30,Monday,32
Hoch,9:30,Monday,136
Jacobs,9:30,Monday,237
Knox,9:30,Monday,387
Math,9:30,Monday,65
Norton,9:30,Monday,311
Nsc,9:30,Monday,827
Obrian,9:30,Monday,282
Park,9:30,Monday,89
Talbrt,9:30,Monday,186
Academ,9:30,Thursday,356
Alfier,9:30,Thursday,139
Alumni,9:30,Thursday,98
Baird,9:30,Thursday,163
Baldy,9:30,Thursday,324
Bell,9:30,Thursday,67
Bonner,9:30,Thursday,8
CFA,9:30,Thursday,110
Capen,9:30,Thursday,136
Cfa,9:30,Thursday,62
Clemen,9:30,Thursday,527
Cooke,9:30,Thursday,284
Davis,9:30,Thursday,97
Frnczk,9:30,Thursday,144
Furnas,9:30,Thursday,68
Grein,9:30,Thursday,1
Hoch,9:30,Thursday,146
Jacobs,9:30,Thursday,170
Knox,9:30,Thursday,685
Math,9:30,Thursday,97
Norton,9:30,Thursday,339
Nsc,9:30,Thursday,1084
Obrian,9:30,Thursday,451
Park,9:30,Thursday,190
Talbrt,9:30,Thursday,209
Ubcmns,9:30,Thursday,23
Wilkeson,9:30,Thursday,25
Academ,9:30,Tuesday,380
Alfier,9:30,Tuesday,139
Alumni,9:30,Tuesday,98
Baird,9:30,Tuesday,163
Baldy,9:30,Tuesday,350
Bell,9:30,Tuesday,77
Bonner,9:30,Tuesday,8
CFA,9:30,Tuesday,110
Capen,9:30,Tuesday,206
Cfa,9:30,Tuesday,62
Clemen,9:30,Tuesday,533
Cooke,9:30,Tuesday,284
Davis,9:30,Tuesday,97
Frnczk,9:30,Tuesday,185
Furnas,9:30,Tuesday,34
Grein,9:30,Tuesday,38
Hoch,9:30,Tuesday,151
Jacobs,9:30,Tuesday,137
Knox,9:30,Tuesday,685
Math,9:30,Tuesday,97
Norton,9:30,Tuesday,322
Nsc,9:30,Tuesday,1134
Obrian,9:30,Tuesday,532
Park,9:30,Tuesday,185
Talbrt,9:30,Tuesday,209
Ubcmns,9:30,Tuesday,23
Wilkeson,9:30,Tuesday,25
Academ,9:30,Wednesday,81
Alfier,9:30,Wednesday,98
Alumni,9:30,Wednesday,49
Baird,9:30,Wednesday,64
Baldy,9:30,Wednesday,297
Bell,9:30,Wednesday,60
CFA,9:30,Wednesday,90
Capen,9:30,Wednesday,135
Cfa,9:30,Wednesday,45
Clemen,9:30,Wednesday,419
Cooke,9:30,Wednesday,292
Davis,9:30,Wednesday,72
Frnczk,9:30,Wednesday,185
Furnas,9:30,Wednesday,28
Hoch,9:30,Wednesday,136
Jacobs,9:30,Wednesday,212
Jarvis,9:30,Wednesday,5
Ketter,9:30,Wednesday,17
Knox,9:30,Wednesday,387
Math,9:30,Wednesday,65
Norton,9:30,Wednesday,303
Nsc,9:30,Wednesday,917
Obrian,9:30,Wednesday,360
Park,9:30,Wednesday,114
Talbrt,9:30,Wednesday,208
Wilkeson,9:30,Wednesday,11
Academ,9:45,Monday,81
Alfier,9:45,Monday,98
Alumni,9:45,Monday,25
Baldy,9:45,Monday,74
CFA,9:45,Monday,90
Capen,9:45,Monday,65
Cfa,9:45,Monday,45
Clemen,9:45,Monday,66
Cooke,9:45,Monday,34
Frnczk,9:45,Monday,6
Grein,9:45,Monday,32
Jacobs,9:45,Monday,161
Obrian,9:45,Monday,186
Park,9:45,Monday,40
Talbrt,9:45,Monday,53
Academ,9:45,Thursday,356
Alfier,9:45,Thursday,139
Alumni,9:45,Thursday,83
Baird,9:45,Thursday,163
Baldy,9:45,Thursday,273
Bell,9:45,Thursday,67
Bonner,9:45,Thursday,8
CFA,9:45,Thursday,110
Capen,9:45,Thursday,136
Cfa,9:45,Thursday,62
Clemen,9:45,Thursday,492
Cooke,9:45,Thursday,284
Davis,9:45,Thursday,97
Frnczk,9:45,Thursday,144
Furnas,9:45,Thursday,68
Grein,9:45,Thursday,1
Hoch,9:45,Thursday,170
Jacobs,9:45,Thursday,122
Knox,9:45,Thursday,685
Math,9:45,Thursday,97
Norton,9:45,Thursday,339
Nsc,9:45,Thursday,1084
Obrian,9:45,Thursday,451
Park,9:45,Thursday,190
Talbrt,9:45,Thursday,174
Ubcmns,9:45,Thursday,23
Wilkeson,9:45,Thursday,25
Academ,9:45,Tuesday,380
Alfier,9:45,Tuesday,139
Alumni,9:45,Tuesday,83
Baird,9:45,Tuesday,163
Baldy,9:45,Tuesday,300
Bell,9:45,Tuesday,67
Bonner,9:45,Tuesday,8
CFA,9:45,Tuesday,110
Capen,9:45,Tuesday,176
Cfa,9:45,Tuesday,62
Clemen,9:45,Tuesday,533
Cooke,9:45,Tuesday,284
Davis,9:45,Tuesday,97
Frnczk,9:45,Tuesday,153
Furnas,9:45,Tuesday,34
Grein,9:45,Tuesday,38
Hoch,9:45,Tuesday,175
Jacobs,9:45,Tuesday,110
Knox,9:45,Tuesday,685
Math,9:45,Tuesday,97
Norton,9:45,Tuesday,322
Nsc,9:45,Tuesday,1134
Obrian,9:45,Tuesday,532
Park,9:45,Tuesday,185
Talbrt,9:45,Tuesday,174
Ubcmns,9:45,Tuesday,23
Wilkeson,9:45,Tuesday,25
Academ,9:45,Wednesday,35
Alfier,9:45,Wednesday,98
Alumni,9:45,Wednesday,27
Baldy,9:45,Wednesday,55
CFA,9:45,Wednesday,90
Capen,9:45,Wednesday,65
Cfa,9:45,Wednesday,45
Clemen,9:45,Wednesday,61
Cooke,9:45,Wednesday,58
Frnczk,9:45,Wednesday,43
Furnas,9:45,Wednesday,28
Jacobs,9:45,Wednesday,161
Jarvis,9:45,Wednesday,5
Nsc,9:45,Wednesday,90
Obrian,9:45,Wednesday,244
Park,9:45,Wednesday,65
Talbrt,9:45,Wednesday,74
Wilkeson,9:45,Wednesday,11
Academ,10:00,Friday,68
Alfier,10:00,Friday,25
Alumni,10:00,Friday,108
Arr,10:00,Friday,5
Baird,10:00,Friday,141
Baldy,10:00,Friday,343
Bell,10:00,Friday,80
Bonner,10:00,Friday,18
Capen,10:00,Friday,171
Cfa,10:00,Friday,9
Clemen,10:00,Friday,408
Cooke,10:00,Friday,137
Davis,10:00,Friday,120
Frnczk,10:00,Friday,151
Furnas,10:00,Friday,50
Hoch,10:00,Friday,149
Jacobs,10:00,Friday,236
Knox,10:00,Friday,753
Math,10:00,Friday,37
Norton,10:00,Friday,232
Nsc,10:00,Friday,1149
Obrian,10:00,Friday,317
Park,10:00,Friday,154
Talbrt,10:00,Friday,269
Academ,10:00,Monday,174
Alfier,10:00,Monday,123
Alumni,10:00,Monday,190
Baird,10:00,Monday,162
Baldy,10:00,Monday,415
Bell,10:00,Monday,98
CFA,10:00,Monday,90
Capen,10:00,Monday,199
Cfa,10:00,Monday,298
Clemen,10:00,Monday,478
Cooke,10:00,Monday,157
Davis,10:00,Monday,120
Frnczk,10:00,Monday,80
Furnas,10:00,Monday,41
Grein,10:00,Monday,32
Hoch,10:00,Monday,149
Jacobs,10:00,Monday,213
Knox,10:00,Monday,746
Math,10:00,Monday,38
Norton,10:00,Monday,230
Nsc,10:00,Monday,1149
Obrian,10:00,Monday,333
Park,10:00,Monday,181
Talbrt,10:00,Monday,257
Academ,10:00,Thursday,383
Alfier,10:00,Thursday,139
Alumni,10:00,Thursday,92
Baird,10:00,Thursday,163
Baldy,10:00,Thursday,320
Bell,10:00,Thursday,67
Bonner,10:00,Thursday,8
CFA,10:00,Thursday,118
Capen,10:00,Thursday,188
Cfa,10:00,Thursday,197
Clemen,10:00,Thursday,532
Cooke,10:00,Thursday,306
Davis,10:00,Thursday,97
Frnczk,10:00,Thursday,164
Furnas,10:00,Thursday,100
Grein,10:00,Thursday,1
Hoch,10:00,Thursday,170
Jacobs,10:00,Thursday,197
Knox,10:00,Thursday,685
Math,10:00,Thursday,97
Norton,10:00,Thursday,339
Nsc,10:00,Thursday,1084
Obrian,10:00,Thursday,466
Park,10:00,Thursday,190
Talbrt,10:00,Thursday,210
Ubcmns,10:00,Thursday,23
Wilkeson,10:00,Thursday,28
Academ,10:00,Tuesday,407
Alfier,10:00,Tuesday,139
Alumni,10:00,Tuesday,92
Arr,10:00,Tuesday,2
Baird,10:00,Tuesday,163
Baldy,10:00,Tuesday,320
Bell,10:00,Tuesday,79
Bonner,10:00,Tuesday,8
CFA,10:00,Tuesday,117
Capen,10:00,Tuesday,254
Cfa,10:00,Tuesday,128
Clemen,10:00,Tuesday,533
Cooke,10:00,Tuesday,306
Davis,10:00,Tuesday,97
Frnczk,10:00,Tuesday,182
Furnas,10:00,Tuesday,83
Grein,10:00,Tuesday,38
Hoch,10:00,Tuesday,175
Jacobs,10:00,Tuesday,161
Knox,10:00,Tuesday,685
Math,10:00,Tuesday,97
Norton,10:00,Tuesday,322
Nsc,10:00,Tuesday,1134
Obrian,10:00,Tuesday,521
Park,10:00,Tuesday,185
Talbrt,10:00,Tuesday,210
Ubcmns,10:00,Tuesday,23
Wilkeson,10:00,Tuesday,28
Academ,10:00,Wednesday,133
Alfier,10:00,Wednesday,123
Alumni,10:00,Wednesday,192
Baird,10:00,Wednesday,162
Baldy,10:00,Wednesday,371
Bell,10:00,Wednesday,98
Bonner,10:00,Wednesday,8
CFA,10:00,Wednesday,90
Capen,10:00,Wednesday,187
Cfa,10:00,Wednesday,187
Clemen,10:00,Wednesday,446
Cooke,10:00,Wednesday,201
Davis,10:00,Wednesday,120
Frnczk,10:00,Wednesday,117
Furnas,10:00,Wednesday,28
Hoch,10:00,Wednesday,149
Jacobs,10:00,Wednesday,235
Jarvis,10:00,Wednesday,5
Ketter,10:00,Wednesday,13
Knox,10:00,Wednesday,750
Math,10:00,Wednesday,39
Norton,10:00,Wednesday,230
Nsc,10:00,Wednesday,1239
Obrian,10:00,Wednesday,375
Park,10:00,Wednesday,212
Talbrt,10:00,Wednesday,279
Wilkeson,10:00,Wednesday,11
Academ,10:15,Friday,68
Alfier,10:15,Friday,25
Alumni,10:15,Friday,108
Arr,10:15,Friday,5
Baird,10:15,Friday,141
Baldy,10:15,Friday,343
Bell,10:15,Friday,80
Bonner,10:15,Friday,11
Capen,10:15,Friday,171
Cfa,10:15,Friday,9
Clemen,10:15,Friday,408
Cooke,10:15,Friday,137
Davis,10:15,Friday,120
Frnczk,10:15,Friday,151
Furnas,10:15,Friday,50
Hoch,10:15,Friday,149
Jacobs,10:15,Friday,236
Knox,10:15,Friday,753
Math,10:15,Friday,37
Norton,10:15,Friday,232
Nsc,10:15,Friday,1149
Obrian,10:15,Friday,317
Park,10:15,Friday,154
Talbrt,10:15,Friday,269
Academ,10:15,Monday,164
Alfier,10:15,Monday,123
Alumni,10:15,Monday,170
Baird,10:15,Monday,162
Baldy,10:15,Monday,415
Bell,10:15,Monday,98
CFA,10:15,Monday,90
Capen,10:15,Monday,178
Cfa,10:15,Monday,253
Clemen,10:15,Monday,478
Cooke,10:15,Monday,157
Davis,10:15,Monday,120
Frnczk,10:15,Monday,80
Furnas,10:15,Monday,41
Grein,10:15,Monday,32
Hoch,10:15,Monday,149
Jacobs,10:15,Monday,213
Knox,10:15,Monday,746
Math,10:15,Monday,38
Norton,10:15,Monday,230
Nsc,10:15,Monday,1149
Obrian,10:15,Monday,333
Park,10:15,Monday,164
Talbrt,10:15,Monday,257
Academ,10:15,Thursday,365
Alfier,10:15,Thursday,139
Alumni,10:15,Thursday,81
Baird,10:15,Thursday,35
Baldy,10:15,Thursday,320
Bell,10:15,Thursday,67
Bonner,10:15,Thursday,8
CFA,10:15,Thursday,118
Capen,10:15,Thursday,175
Cfa,10:15,Thursday,135
Clemen,10:15,Thursday,507
Cooke,10:15,Thursday,326
Davis,10:15,Thursday,97
Frnczk,10:15,Thursday,164
Furnas,10:15,Thursday,52
Grein,10:15,Thursday,1
Hoch,10:15,Thursday,145
Jacobs,10:15,Thursday,197
Knox,10:15,Thursday,685
Math,10:15,Thursday,97
Norton,10:15,Thursday,299
Nsc,10:15,Thursday,1084
Obrian,10:15,Thursday,466
Park,10:15,Thursday,190
Talbrt,10:15,Thursday,197
Ubcmns,10:15,Thursday,23
Wilkeson,10:15,Thursday,28
Academ,10:15,Tuesday,389
Alfier,10:15,Tuesday,139
Alumni,10:15,Tuesday,81
Arr,10:15,Tuesday,2
Baird,10:15,Tuesday,35
Baldy,10:15,Tuesday,320
Bell,10:15,Tuesday,79
Bonner,10:15,Tuesday,8
CFA,10:15,Tuesday,117
Capen,10:15,Tuesday,224
Cfa,10:15,Tuesday,66
Clemen,10:15,Tuesday,427
Cooke,10:15,Tuesday,326
Davis,10:15,Tuesday,97
Frnczk,10:15,Tuesday,182
Furnas,10:15,Tuesday,66
Grein,10:15,Tuesday,1
Hoch,10:15,Tuesday,175
Jacobs,10:15,Tuesday,161
Knox,10:15,Tuesday,685
Math,10:15,Tuesday,97
Norton,10:15,Tuesday,299
Nsc,10:15,Tuesday,1134
Obrian,10:15,Tuesday,494
Park,10:15,Tuesday,155
Talbrt,10:15,Tuesday,197
Ubcmns,10:15,Tuesday,23
Wilkeson,10:15,Tuesday,28
Academ,10:15,Wednesday,123
Alfier,10:15,Wednesday,123
Alumni,10:15,Wednesday,172
Baird,10:15,Wednesday,162
Baldy,10:15,Wednesday,371
Bell,10:15,Wednesday,98
Bonner,10:15,Wednesday,8
CFA,10:15,Wednesday,90
Capen,10:15,Wednesday,166
Cfa,10:15,Wednesday,142
Clemen,10:15,Wednesday,446
Cooke,10:15,Wednesday,201
Davis,10:15,Wednesday,120
Frnczk,10:15,Wednesday,117
Furnas,10:15,Wednesday,28
Hoch,10:15,Wednesday,149
Jacobs,10:15,Wednesday,235
Jarvis,10:15,Wednesday,5
Ketter,10:15,Wednesday,13
Knox,10:15,Wednesday,750
Math,10:15,Wednesday,39
Norton,10:15,Wednesday,230
Nsc,10:15,Wednesday,1239
Obrian,10:15,Wednesday,375
Park,10:15,Wednesday,195
Talbrt,10:15,Wednesday,279
Wilkeson,10:15,Wednesday,11
Academ,10:30,Friday,68
Alfier,10:30,Friday,25
Alumni,10:30,Friday,108
Arr,10:30,Friday,5
Baird,10:30,Friday,141
Baldy,10:30,Friday,343
Bell,10:30,Friday,80
Bonner,10:30,Friday,11
Capen,10:30,Friday,139
Cfa,10:30,Friday,9
Clemen,10:30,Friday,404
Cooke,10:30,Friday,103
Davis,10:30,Friday,120
Frnczk,10:30,Friday,151
Furnas,10:30,Friday,69
Hoch,10:30,Friday,149
Jacobs,10:30,Friday,236
Knox,10:30,Friday,753
Math,10:30,Friday,37
Norton,10:30,Friday,232
Nsc,10:30,Friday,1149
Obrian,10:30,Friday,317
Park,10:30,Friday,154
Talbrt,10:30,Friday,235
Academ,10:30,Monday,179
Alfier,10:30,Monday,123
Alumni,10:30,Monday,181
Baird,10:30,Monday,162
Baldy,10:30,Monday,428
Bell,10:30,Monday,98
CFA,10:30,Monday,90
Capen,10:30,Monday,146
Cfa,10:30,Monday,311
Clemen,10:30,Monday,474
Cooke,10:30,Monday,123
Davis,10:30,Monday,120
Frnczk,10:30,Monday,80
Furnas,10:30,Monday,41
Grein,10:30,Monday,32
Hoch,10:30,Monday,149
Jacobs,10:30,Monday,213
Knox,10:30,Monday,746
Math,10:30,Monday,38
Norton,10:30,Monday,230
Nsc,10:30,Monday,1149
Obrian,10:30,Monday,178
Park,10:30,Monday,177
Talbrt,10:30,Monday,223
Academ,10:30,Thursday,384
Alfier,10:30,Thursday,139
Alumni,10:30,Thursday,122
Baird,10:30,Thursday,63
Baldy,10:30,Thursday,320
Bell,10:30,Thursday,67
Bonner,10:30,Thursday,8
CFA,10:30,Thursday,118
Capen,10:30,Thursday,184
Cfa,10:30,Thursday,167
Clemen,10:30,Thursday,507
Cooke,10:30,Thursday,326
Davis,10:30,Thursday,97
Frnczk,10:30,Thursday,164
Furnas,10:30,Thursday,52
Grein,10:30,Thursday,1
Hoch,10:30,Thursday,145
Jacobs,10:30,Thursday,197
Knox,10:30,Thursday,685
Math,10:30,Thursday,97
Norton,10:30,Thursday,299
Nsc,10:30,Thursday,1084
Obrian,10:30,Thursday,235
Park,10:30,Thursday,190
Slee,10:30,Thursday,80
Talbrt,10:30,Thursday,197
Ubcmns,10:30,Thursday,23
Wilkeson,10:30,Thursday,28
Academ,10:30,Tuesday,408
Alfier,10:30,Tuesday,139
Alumni,10:30,Tuesday,122
Arr,10:30,Tuesday,2
Baird,10:30,Tuesday,63
Baldy,10:30,Tuesday,320
Bell,10:30,Tuesday,79
Bonner,10:30,Tuesday,8
CFA,10:30,Tuesday,117
Capen,10:30,Tuesday,241
Cfa,10:30,Tuesday,98
Clemen,10:30,Tuesday,427
Cooke,10:30,Tuesday,326
Davis,10:30,Tuesday,97
Frnczk,10:30,Tuesday,182
Furnas,10:30,Tuesday,66
Grein,10:30,Tuesday,1
Hoch,10:30,Tuesday,175
Jacobs,10:30,Tuesday,161
Knox,10:30,Tuesday,685
Math,10:30,Tuesday,97
Norton,10:30,Tuesday,299
Nsc,10:30,Tuesday,1134
Obrian,10:30,Tuesday,263
Park,10:30,Tuesday,155
Slee,10:30,Tuesday,80
Talbrt,10:30,Tuesday,197
Ubcmns,10:30,Tuesday,23
Wilkeson,10:30,Tuesday,28
Academ,10:30,Wednesday,138
Alfier,10:30,Wednesday,123
Alumni,10:30,Wednesday,183
Baird,10:30,Wednesday,162
Baldy,10:30,Wednesday,384
Bell,10:30,Wednesday,98
Bonner,10:30,Wednesday,8
CFA,10:30,Wednesday,90
Capen,10:30,Wednesday,134
Cfa,10:30,Wednesday,200
Clemen,10:30,Wednesday,442
Cooke,10:30,Wednesday,167
Davis,10:30,Wednesday,120
Frnczk,10:30,Wednesday,117
Furnas,10:30,Wednesday,28
Hoch,10:30,Wednesday,149
Jacobs,10:30,Wednesday,235
Jarvis,10:30,Wednesday,5
Ketter,10:30,Wednesday,13
Knox,10:30,Wednesday,750
Math,10:30,Wednesday,39
Norton,10:30,Wednesday,230
Nsc,10:30,Wednesday,1239
Obrian,10:30,Wednesday,164
Park,10:30,Wednesday,195
Talbrt,10:30,Wednesday,245
Wilkeson,10:30,Wednesday,11
Academ,10:45,Monday,64
Alfier,10:45,Monday,50
Alumni,10:45,Monday,16
Baldy,10:45,Monday,87
Bell,10:45,Monday,26
CFA,10:45,Monday,90
Capen,10:45,Monday,3
Cfa,10:45,Monday,311
Clemen,10:45,Monday,21
Furnas,10:45,Monday,19
Grein,10:45,Monday,32
Math,10:45,Monday,21
Norton,10:45,Monday,23
Obrian,10:45,Monday,79
Park,10:45,Monday,36
Talbrt,10:45,Monday,79
Academ,10:45,Thursday,46
Alfier,10:45,Thursday,102
Alumni,10:45,Thursday,50
Baird,10:45,Thursday,28
Baldy,10:45,Thursday,36
Bonner,10:45,Thursday,8
CFA,10:45,Thursday,118
Capen,10:45,Thursday,9
Cfa,10:45,Thursday,167
Clemen,10:45,Thursday,45
Cooke,10:45,Thursday,42
Frnczk,10:45,Thursday,43
Furnas,10:45,Thursday,52
Hoch,10:45,Thursday,66
Nsc,10:45,Thursday,71
Obrian,10:45,Thursday,81
Park,10:45,Thursday,64
Slee,10:45,Thursday,80
Talbrt,10:45,Thursday,36
Wilkeson,10:45,Thursday,28
Academ,10:45,Tuesday,70
Alfier,10:45,Tuesday,102
Alumni,10:45,Tuesday,50
Baird,10:45,Tuesday,28
Baldy,10:45,Tuesday,29
Bonner,10:45,Tuesday,8
CFA,10:45,Tuesday,117
Capen,10:45,Tuesday,17
Cfa,10:45,Tuesday,98
Clemen,10:45,Tuesday,5
Cooke,10:45,Tuesday,42
Frnczk,10:45,Tuesday,44
Furnas,10:45,Tuesday,49
Hoch,10:45,Tuesday,69
Nsc,10:45,Tuesday,121
Obrian,10:45,Tuesday,135
Park,10:45,Tuesday,55
Slee,10:45,Tuesday,80
Talbrt,10:45,Tuesday,36
Wilkeson,10:45,Tuesday,28
Academ,10:45,Wednesday,18
Alfier,10:45,Wednesday,50
Alumni,10:45,Wednesday,18
Baldy,10:45,Wednesday,80
Bell,10:45,Wednesday,26
CFA,10:45,Wednesday,90
Cfa,10:45,Wednesday,200
Clemen,10:45,Wednesday,16
Cooke,10:45,Wednesday,20
Frnczk,10:45,Wednesday,10
Jarvis,10:45,Wednesday,5
Math,10:45,Wednesday,21
Norton,10:45,Wednesday,23
Nsc,10:45,Wednesday,90
Obrian,10:45,Wednesday,112
Park,10:45,Wednesday,48
Talbrt,10:45,Wednesday,61
Wilkeson,10:45,Wednesday,11
Academ,11:00,Friday,228
Alumni,11:00,Friday,75
Arr,11:00,Friday,5
Baird,11:00,Friday,2
Baldy,11:00,Friday,378
Bell,11:00,Friday,69
Bonner,11:00,Friday,11
Capen,11:00,Friday,123
Cfa,11:00,Friday,9
Clemen,11:00,Friday,499
Cooke,11:00,Friday,214
Davis,11:00,Friday,121
Frnczk,11:00,Friday,126
Furnas,11:00,Friday,41
Grein,11:00,Friday,20
Hoch,11:00,Friday,81
Jacobs,11:00,Friday,242
Jarvis,11:00,Friday,12
Knox,11:00,Friday,1013
Math,11:00,Friday,62
Norton,11:00,Friday,397
Nsc,11:00,Friday,1075
Obrian,11:00,Friday,277
Park,11:00,Friday,114
Talbrt,11:00,Friday,222
Wilkeson,11:00,Friday,21
Academ,11:00,Monday,292
Alfier,11:00,Monday,140
Alumni,11:00,Monday,111
Baird,11:00,Monday,12
Baldy,11:00,Monday,464
Bell,11:00,Monday,67
CFA,11:00,Monday,90
Capen,11:00,Monday,149
Cfa,11:00,Monday,311
Clemen,11:00,Monday,467
Cooke,11:00,Monday,244
Davis,11:00,Monday,121
Frnczk,11:00,Monday,126
Furnas,11:00,Monday,80
Grein,11:00,Monday,52
Hoch,11:00,Monday,81
Jacobs,11:00,Monday,238
Jarvis,11:00,Monday,20
Knox,11:00,Monday,1013
Math,11:00,Monday,60
Norton,11:00,Monday,421
Nsc,11:00,Monday,1132
Obrian,11:00,Monday,387
Park,11:00,Monday,194
Talbrt,11:00,Monday,198
Wilkeson,11:00,Monday,24
Academ,11:00,Thursday,339
Alfier,11:00,Thursday,137
Alumni,11:00,Thursday,166
Baird,11:00,Thursday,53
Baldy,11:00,Thursday,385
Bell,11:00,Thursday,49
Bonner,11:00,Thursday,8
CFA,11:00,Thursday,118
Capen,11:00,Thursday,194
Cfa,11:00,Thursday,182
Clemen,11:00,Thursday,578
Cooke,11:00,Thursday,203
Davis,11:00,Thursday,193
Frnczk,11:00,Thursday,210
Furnas,11:00,Thursday,81
Grein,11:00,Thursday,57
Hoch,11:00,Thursday,210
Jacobs,11:00,Thursday,319
Jarvis,11:00,Thursday,5
Ketter,11:00,Thursday,19
Knox,11:00,Thursday,997
Math,11:00,Thursday,76
Norton,11:00,Thursday,422
Nsc,11:00,Thursday,1004
Obrian,11:00,Thursday,499
Park,11:00,Thursday,217
Slee,11:00,Thursday,80
Talbrt,11:00,Thursday,237
Ubcmns,11:00,Thursday,23
Wilkeson,11:00,Thursday,54
Academ,11:00,Tuesday,334
Alfier,11:00,Tuesday,137
Alumni,11:00,Tuesday,166
Baird,11:00,Tuesday,53
Baldy,11:00,Tuesday,397
Bell,11:00,Tuesday,74
Bonner,11:00,Tuesday,8
CFA,11:00,Tuesday,117
Capen,11:00,Tuesday,201
Cfa,11:00,Tuesday,113
Clemen,11:00,Tuesday,533
Cooke,11:00,Tuesday,203
Davis,11:00,Tuesday,193
Frnczk,11:00,Tuesday,196
Furnas,11:00,Tuesday,117
Hoch,11:00,Tuesday,169
Jacobs,11:00,Tuesday,297
Jarvis,11:00,Tuesday,5
Ketter,11:00,Tuesday,19
Knox,11:00,Tuesday,997
Math,11:00,Tuesday,76
Norton,11:00,Tuesday,428
Nsc,11:00,Tuesday,1054
Obrian,11:00,Tuesday,514
Park,11:00,Tuesday,233
Slee,11:00,Tuesday,80
Talbrt,11:00,Tuesday,223
Ubcmns,11:00,Tuesday,23
Wilkeson,11:00,Tuesday,54
Academ,11:00,Wednesday,246
Alfier,11:00,Wednesday,140
Alumni,11:00,Wednesday,120
Baird,11:00,Wednesday,12
Baldy,11:00,Wednesday,410
Bell,11:00,Wednesday,57
Bonner,11:00,Wednesday,13
CFA,11:00,Wednesday,90
Capen,11:00,Wednesday,108
Cfa,11:00,Wednesday,200
Clemen,11:00,Wednesday,530
Cooke,11:00,Wednesday,214
Davis,11:00,Wednesday,121
Frnczk,11:00,Wednesday,197
Furnas,11:00,Wednesday,101
Grein,11:00,Wednesday,20
Hoch,11:00,Wednesday,125
Jacobs,11:00,Wednesday,237
Jarvis,11:00,Wednesday,24
Knox,11:00,Wednesday,1013
Math,11:00,Wednesday,60
Norton,11:00,Wednesday,414
Nsc,11:00,Wednesday,1222
Obrian,11:00,Wednesday,428
Park,11:00,Wednesday,203
Talbrt,11:00,Wednesday,203
Wilkeson,11:00,Wednesday,35
Academ,11:15,Friday,228
Alumni,11:15,Friday,75
Arr,11:15,Friday,5
Baird,11:15,Friday,2
Baldy,11:15,Friday,378
Bell,11:15,Friday,69
Capen,11:15,Friday,123
Cfa,11:15,Friday,9
Clemen,11:15,Friday,499
Cooke,11:15,Friday,214
Davis,11:15,Friday,121
Frnczk,11:15,Friday,126
Furnas,11:15,Friday,41
Grein,11:15,Friday,20
Hoch,11:15,Friday,81
Jacobs,11:15,Friday,242
Jarvis,11:15,Friday,12
Knox,11:15,Friday,1013
Math,11:15,Friday,62
Norton,11:15,Friday,397
Nsc,11:15,Friday,1075
Obrian,11:15,Friday,277
Park,11:15,Friday,114
Talbrt,11:15,Friday,222
Wilkeson,11:15,Friday,21
Academ,11:15,Monday,289
Alfier,11:15,Monday,140
Alumni,11:15,Monday,111
Baird,11:15,Monday,12
Baldy,11:15,Monday,430
Bell,11:15,Monday,41
CFA,11:15,Monday,90
Capen,11:15,Monday,149
Cfa,11:15,Monday,311
Clemen,11:15,Monday,467
Cooke,11:15,Monday,244
Davis,11:15,Monday,121
Frnczk,11:15,Monday,126
Furnas,11:15,Monday,80
Grein,11:15,Monday,52
Hoch,11:15,Monday,81
Jacobs,11:15,Monday,238
Jarvis,11:15,Monday,20
Knox,11:15,Monday,1013
Math,11:15,Monday,60
Norton,11:15,Monday,398
Nsc,11:15,Monday,1132
Obrian,11:15,Monday,387
Park,11:15,Monday,194
Talbrt,11:15,Monday,198
Wilkeson,11:15,Monday,24
Academ,11:15,Thursday,312
Alfier,11:15,Thursday,137
Alumni,11:15,Thursday,157
Baird,11:15,Thursday,53
Baldy,11:15,Thursday,385
Bell,11:15,Thursday,49
Bonner,11:15,Thursday,8
CFA,11:15,Thursday,118
Capen,11:15,Thursday,194
Cfa,11:15,Thursday,177
Clemen,11:15,Thursday,573
Cooke,11:15,Thursday,227
Davis,11:15,Thursday,193
Frnczk,11:15,Thursday,210
Furnas,11:15,Thursday,81
Grein,11:15,Thursday,57
Hoch,11:15,Thursday,186
Jacobs,11:15,Thursday,319
Jarvis,11:15,Thursday,5
Ketter,11:15,Thursday,19
Knox,11:15,Thursday,997
Math,11:15,Thursday,76
Norton,11:15,Thursday,422
Nsc,11:15,Thursday,1004
Obrian,11:15,Thursday,499
Park,11:15,Thursday,217
Slee,11:15,Thursday,80
Talbrt,11:15,Thursday,237
Ubcmns,11:15,Thursday,23
Wilkeson,11:15,Thursday,26
Academ,11:15,Tuesday,307
Alfier,11:15,Tuesday,137
Alumni,11:15,Tuesday,157
Baird,11:15,Tuesday,53
Baldy,11:15,Tuesday,397
Bell,11:15,Tuesday,74
Bonner,11:15,Tuesday,8
CFA,11:15,Tuesday,117
Capen,11:15,Tuesday,201
Cfa,11:15,Tuesday,108
Clemen,11:15,Tuesday,533
Cooke,11:15,Tuesday,227
Davis,11:15,Tuesday,193
Frnczk,11:15,Tuesday,196
Furnas,11:15,Tuesday,117
Hoch,11:15,Tuesday,145
Jacobs,11:15,Tuesday,297
Jarvis,11:15,Tuesday,5
Ketter,11:15,Tuesday,19
Knox,11:15,Tuesday,997
Math,11:15,Tuesday,76
Norton,11:15,Tuesday,428
Nsc,11:15,Tuesday,1054
Obrian,11:15,Tuesday,514
Park,11:15,Tuesday,233
Slee,11:15,Tuesday,80
Talbrt,11:15,Tuesday,223
Ubcmns,11:15,Tuesday,23
Wilkeson,11:15,Tuesday,26
Academ,11:15,Wednesday,243
Alfier,11:15,Wednesday,140
Alumni,11:15,Wednesday,120
Baird,11:15,Wednesday,12
Baldy,11:15,Wednesday,371
Bell,11:15,Wednesday,31
Bonner,11:15,Wednesday,13
CFA,11:15,Wednesday,90
Capen,11:15,Wednesday,108
Cfa,11:15,Wednesday,200
Clemen,11:15,Wednesday,530
Cooke,11:15,Wednesday,214
Davis,11:15,Wednesday,121
Frnczk,11:15,Wednesday,197
Furnas,11:15,Wednesday,101
Grein,11:15,Wednesday,20
Hoch,11:15,Wednesday,125
Jacobs,11:15,Wednesday,237
Jarvis,11:15,Wednesday,24
Knox,11:15,Wednesday,1013
Math,11:15,Wednesday,60
Norton,11:15,Wednesday,391
Nsc,11:15,Wednesday,1222
Obrian,11:15,Wednesday,428
Park,11:15,Wednesday,203
Talbrt,11:15,Wednesday,203
Wilkeson,11:15,Wednesday,35
Academ,11:30,Friday,228
Alumni,11:30,Friday,97
Arr,11:30,Friday,5
Baird,11:30,Friday,2
Baldy,11:30,Friday,378
Bell,11:30,Friday,69
Capen,11:30,Friday,123
Cfa,11:30,Friday,9
Clemen,11:30,Friday,493
Cooke,11:30,Friday,214
Davis,11:30,Friday,121
Frnczk,11:30,Friday,126
Furnas,11:30,Friday,41
Grein,11:30,Friday,20
Hoch,11:30,Friday,81
Jacobs,11:30,Friday,242
Jarvis,11:30,Friday,12
Knox,11:30,Friday,1013
Math,11:30,Friday,62
Norton,11:30,Friday,397
Nsc,11:30,Friday,1075
Obrian,11:30,Friday,277
Park,11:30,Friday,114
Talbrt,11:30,Friday,222
Wilkeson,11:30,Friday,21
Academ,11:30,Monday,289
Alfier,11:30,Monday,115
Alumni,11:30,Monday,111
Baird,11:30,Monday,12
Baldy,11:30,Monday,430
Bell,11:30,Monday,51
Capen,11:30,Monday,149
Cfa,11:30,Monday,311
Clemen,11:30,Monday,461
Cooke,11:30,Monday,244
Davis,11:30,Monday,121
Frnczk,11:30,Monday,126
Furnas,11:30,Monday,80
Grein,11:30,Monday,52
Hoch,11:30,Monday,81
Jacobs,11:30,Monday,238
Jarvis,11:30,Monday,20
Knox,11:30,Monday,1013
Math,11:30,Monday,60
Norton,11:30,Monday,398
Nsc,11:30,Monday,1132
Obrian,11:30,Monday,381
Park,11:30,Monday,176
Talbrt,11:30,Monday,198
Wilkeson,11:30,Monday,24
Academ,11:30,Thursday,312
Alfier,11:30,Thursday,35
Alumni,11:30,Thursday,157
Baird,11:30,Thursday,53
Baldy,11:30,Thursday,413
Bell,11:30,Thursday,49
Bonner,11:30,Thursday,8
CFA,11:30,Thursday,8
Capen,11:30,Thursday,194
Cfa,11:30,Thursday,177
Clemen,11:30,Thursday,573
Cooke,11:30,Thursday,262
Davis,11:30,Thursday,193
Frnczk,11:30,Thursday,210
Furnas,11:30,Thursday,81
Grein,11:30,Thursday,57
Hoch,11:30,Thursday,186
Jacobs,11:30,Thursday,319
Jarvis,11:30,Thursday,5
Ketter,11:30,Thursday,19
Knox,11:30,Thursday,997
Math,11:30,Thursday,76
Norton,11:30,Thursday,422
Nsc,11:30,Thursday,1004
Obrian,11:30,Thursday,499
Park,11:30,Thursday,199
Slee,11:30,Thursday,80
Talbrt,11:30,Thursday,237
Ubcmns,11:30,Thursday,23
Wilkeson,11:30,Thursday,26
Academ,11:30,Tuesday,307
Alfier,11:30,Tuesday,35
Alumni,11:30,Tuesday,157
Baird,11:30,Tuesday,53
Baldy,11:30,Tuesday,413
Bell,11:30,Tuesday,74
Bonner,11:30,Tuesday,8
CFA,11:30,Tuesday,7
Capen,11:30,Tuesday,201
Cfa,11:30,Tuesday,108
Clemen,11:30,Tuesday,533
Cooke,11:30,Tuesday,262
Davis,11:30,Tuesday,193
Frnczk,11:30,Tuesday,196
Furnas,11:30,Tuesday,117
Hoch,11:30,Tuesday,145
Jacobs,11:30,Tuesday,297
Jarvis,11:30,Tuesday,5
Ketter,11:30,Tuesday,19
Knox,11:30,Tuesday,997
Math,11:30,Tuesday,76
Norton,11:30,Tuesday,428
Nsc,11:30,Tuesday,1054
Obrian,11:30,Tuesday,514
Park,11:30,Tuesday,215
Slee,11:30,Tuesday,80
Talbrt,11:30,Tuesday,223
Ubcmns,11:30,Tuesday,23
Wilkeson,11:30,Tuesday,26
Academ,11:30,Wednesday,243
Alfier,11:30,Wednesday,115
Alumni,11:30,Wednesday,120
Baird,11:30,Wednesday,12
Baldy,11:30,Wednesday,371
Bell,11:30,Wednesday,41
Bonner,11:30,Wednesday,13
Capen,11:30,Wednesday,108
Cfa,11:30,Wednesday,200
Clemen,11:30,Wednesday,524
Cooke,11:30,Wednesday,214
Davis,11:30,Wednesday,121
Frnczk,11:30,Wednesday,197
Furnas,11:30,Wednesday,101
Grein,11:30,Wednesday,20
Hoch,11:30,Wednesday,125
Jacobs,11:30,Wednesday,237
Jarvis,11:30,Wednesday,24
Knox,11:30,Wednesday,1013
Math,11:30,Wednesday,60
Norton,11:30,Wednesday,391
Nsc,11:30,Wednesday,1222
Obrian,11:30,Wednesday,422
Park,11:30,Wednesday,185
Talbrt,11:30,Wednesday,203
Wilkeson,11:30,Wednesday,35
Academ,11:45,Thursday,264
Alfier,11:45,Thursday,35
Alumni,11:45,Thursday,116
Baird,11:45,Thursday,25
Baldy,11:45,Thursday,341
Bell,11:45,Thursday,49
CFA,11:45,Thursday,8
Capen,11:45,Thursday,116
Cfa,11:45,Thursday,84
Clemen,11:45,Thursday,573
Cooke,11:45,Thursday,240
Davis,11:45,Thursday,193
Frnczk,11:45,Thursday,160
Furnas,11:45,Thursday,20
Grein,11:45,Thursday,34
Hoch,11:45,Thursday,161
Jacobs,11:45,Thursday,195
Jarvis,11:45,Thursday,5
Ketter,11:45,Thursday,19
Knox,11:45,Thursday,997
Math,11:45,Thursday,76
Norton,11:45,Thursday,402
Nsc,11:45,Thursday,933
Obrian,11:45,Thursday,487
Park,11:45,Thursday,178
Talbrt,11:45,Thursday,188
Ubcmns,11:45,Thursday,23
Wilkeson,11:45,Thursday,26
Academ,11:45,Tuesday,269
Alfier,11:45,Tuesday,35
Alumni,11:45,Tuesday,116
Baird,11:45,Tuesday,25
Baldy,11:45,Tuesday,333
Bell,11:45,Tuesday,49
CFA,11:45,Tuesday,7
Capen,11:45,Tuesday,124
Cfa,11:45,Tuesday,15
Clemen,11:45,Tuesday,533
Cooke,11:45,Tuesday,240
Davis,11:45,Tuesday,193
Frnczk,11:45,Tuesday,137
Furnas,11:45,Tuesday,38
Hoch,11:45,Tuesday,145
Jacobs,11:45,Tuesday,195
Jarvis,11:45,Tuesday,5
Ketter,11:45,Tuesday,19
Knox,11:45,Tuesday,997
Math,11:45,Tuesday,76
Norton,11:45,Tuesday,368
Nsc,11:45,Tuesday,933
Obrian,11:45,Tuesday,425
Park,11:45,Tuesday,182
Talbrt,11:45,Tuesday,169
Ubcmns,11:45,Tuesday,23
Wilkeson,11:45,Tuesday,26
Academ,12:00,Friday,120
Alumni,12:00,Friday,22
Arr,12:00,Friday,5
Baird,12:00,Friday,2
Baldy,12:00,Friday,338
Bell,12:00,Friday,25
Bonner,12:00,Friday,16
Capen,12:00,Friday,85
Cfa,12:00,Friday,23
Clemen,12:00,Friday,423
Cooke,12:00,Friday,252
Davis,12:00,Friday,123
Frnczk,12:00,Friday,155
Furnas,12:00,Friday,77
Hoch,12:00,Friday,149
Jacobs,12:00,Friday,235
Jarvis,12:00,Friday,12
Knox,12:00,Friday,513
Math,12:00,Friday,58
Norton,12:00,Friday,159
Nsc,12:00,Friday,1306
Obrian,12:00,Friday,105
Park,12:00,Friday,70
Talbrt,12:00,Friday,121
Ubcmns,12:00,Friday,11
Wilkeson,12:00,Friday,21
Academ,12:00,Monday,131
Alfier,12:00,Monday,81
Alumni,12:00,Monday,141
Baldy,12:00,Monday,421
Bell,12:00,Monday,41
Capen,12:00,Monday,121
Cfa,12:00,Monday,271
Clemen,12:00,Monday,448
Cooke,12:00,Monday,238
Davis,12:00,Monday,123
Frnczk,12:00,Monday,176
Furnas,12:00,Monday,55
Hoch,12:00,Monday,149
Jacobs,12:00,Monday,162
Jarvis,12:00,Monday,20
Knox,12:00,Monday,629
Math,12:00,Monday,51
Norton,12:00,Monday,214
Nsc,12:00,Monday,1363
Obrian,12:00,Monday,328
Park,12:00,Monday,95
Talbrt,12:00,Monday,180
Wilkeson,12:00,Monday,24
Academ,12:00,Thursday,264
Alfier,12:00,Thursday,137
Alumni,12:00,Thursday,145
Baird,12:00,Thursday,25
Baldy,12:00,Thursday,367
Bell,12:00,Thursday,49
CFA,12:00,Thursday,8
Capen,12:00,Thursday,116
Cfa,12:00,Thursday,204
Clemen,12:00,Thursday,573
Cooke,12:00,Thursday,220
Davis,12:00,Thursday,193
Frnczk,12:00,Thursday,186
Furnas,12:00,Thursday,20
Grein,12:00,Thursday,34
Hoch,12:00,Thursday,185
Jacobs,12:00,Thursday,220
Jarvis,12:00,Thursday,5
Ketter,12:00,Thursday,19
Knox,12:00,Thursday,997
Math,12:00,Thursday,76
Norton,12:00,Thursday,402
Nsc,12:00,Thursday,933
Obrian,12:00,Thursday,460
Park,12:00,Thursday,178
Talbrt,12:00,Thursday,188
Ubcmns,12:00,Thursday,23
Wilkeson,12:00,Thursday,26
Academ,12:00,Tuesday,269
Alfier,12:00,Tuesday,137
Alumni,12:00,Tuesday,145
Baird,12:00,Tuesday,25
Baldy,12:00,Tuesday,358
Bell,12:00,Tuesday,73
CFA,12:00,Tuesday,7
Capen,12:00,Tuesday,124
Cfa,12:00,Tuesday,135
Clemen,12:00,Tuesday,533
Cooke,12:00,Tuesday,220
Davis,12:00,Tuesday,193
Frnczk,12:00,Tuesday,162
Furnas,12:00,Tuesday,38
Hoch,12:00,Tuesday,169
Jacobs,12:00,Tuesday,195
Jarvis,12:00,Tuesday,5
Ketter,12:00,Tuesday,19
Knox,12:00,Tuesday,997
Math,12:00,Tuesday,76
Norton,12:00,Tuesday,368
Nsc,12:00,Tuesday,933
Obrian,12:00,Tuesday,380
Park,12:00,Tuesday,194
Talbrt,12:00,Tuesday,169
Ubcmns,12:00,Tuesday,23
Wilkeson,12:00,Tuesday,26
Academ,12:00,Wednesday,131
Alfier,12:00,Wednesday,81
Alumni,12:00,Wednesday,95
Baldy,12:00,Wednesday,337
Bell,12:00,Wednesday,41
Bonner,12:00,Wednesday,19
Capen,12:00,Wednesday,136
Cfa,12:00,Wednesday,144
Clemen,12:00,Wednesday,539
Cooke,12:00,Wednesday,214
Davis,12:00,Wednesday,138
Frnczk,12:00,Wednesday,211
Furnas,12:00,Wednesday,94
Hoch,12:00,Wednesday,149
Jacobs,12:00,Wednesday,162
Jarvis,12:00,Wednesday,19
Knox,12:00,Wednesday,629
Math,12:00,Wednesday,51
Norton,12:00,Wednesday,225
Nsc,12:00,Wednesday,1363
Obrian,12:00,Wednesday,377
Park,12:00,Wednesday,113
Talbrt,12:00,Wednesday,189
Wilkeson,12:00,Wednesday,35
Academ,12:15,Friday,120
Alumni,12:15,Friday,22
Arr,12:15,Friday,5
Baird,12:15,Friday,2
Baldy,12:15,Friday,338
Bell,12:15,Friday,25
Bonner,12:15,Friday,16
Capen,12:15,Friday,85
Cfa,12:15,Friday,23
Clemen,12:15,Friday,423
Cooke,12:15,Friday,252
Davis,12:15,Friday,123
Frnczk,12:15,Friday,155
Furnas,12:15,Friday,77
Hoch,12:15,Friday,149
Jacobs,12:15,Friday,235
Jarvis,12:15,Friday,12
Knox,12:15,Friday,513
Math,12:15,Friday,58
Norton,12:15,Friday,159
Nsc,12:15,Friday,1306
Obrian,12:15,Friday,111
Park,12:15,Friday,70
Talbrt,12:15,Friday,121
Ubcmns,12:15,Friday,11
Wilkeson,12:15,Friday,21
Academ,12:15,Monday,131
Alfier,12:15,Monday,26
Alumni,12:15,Monday,141
Baldy,12:15,Monday,366
Bell,12:15,Monday,35
Capen,12:15,Monday,97
Cfa,12:15,Monday,271
Clemen,12:15,Monday,416
Cooke,12:15,Monday,238
Davis,12:15,Monday,123
Frnczk,12:15,Monday,69
Furnas,12:15,Monday,55
Hoch,12:15,Monday,173
Jarvis,12:15,Monday,20
Knox,12:15,Monday,629
Math,12:15,Monday,51
Norton,12:15,Monday,125
Nsc,12:15,Monday,1306
Obrian,12:15,Monday,168
Park,12:15,Monday,90
Talbrt,12:15,Monday,180
Wilkeson,12:15,Monday,24
Academ,12:15,Wednesday,131
Alfier,12:15,Wednesday,26
Alumni,12:15,Wednesday,95
Baldy,12:15,Wednesday,282
Bell,12:15,Wednesday,35
Bonner,12:15,Wednesday,19
Capen,12:15,Wednesday,136
Cfa,12:15,Wednesday,144
Clemen,12:15,Wednesday,507
Cooke,12:15,Wednesday,214
Davis,12:15,Wednesday,138
Frnczk,12:15,Wednesday,104
Furnas,12:15,Wednesday,94
Hoch,12:15,Wednesday,179
Jarvis,12:15,Wednesday,19
Knox,12:15,Wednesday,629
Math,12:15,Wednesday,51
Norton,12:15,Wednesday,136
Nsc,12:15,Wednesday,1306
Obrian,12:15,Wednesday,186
Park,12:15,Wednesday,107
Talbrt,12:15,Wednesday,189
Wilkeson,12:15,Wednesday,24
Academ,12:30,Friday,120
Alumni,12:30,Friday,22
Arr,12:30,Friday,5
Baldy,12:30,Friday,317
Bell,12:30,Friday,25
Bonner,12:30,Friday,16
Capen,12:30,Friday,85
Cfa,12:30,Friday,23
Clemen,12:30,Friday,400
Cooke,12:30,Friday,252
Davis,12:30,Friday,123
Frnczk,12:30,Friday,155
Furnas,12:30,Friday,77
Hoch,12:30,Friday,149
Jacobs,12:30,Friday,235
Jarvis,12:30,Friday,12
Knox,12:30,Friday,513
Math,12:30,Friday,58
Norton,12:30,Friday,159
Nsc,12:30,Friday,1306
Obrian,12:30,Friday,111
Park,12:30,Friday,70
Talbrt,12:30,Friday,121
Ubcmns,12:30,Friday,11
Wilkeson,12:30,Friday,21
Academ,12:30,Monday,131
Alfier,12:30,Monday,147
Alumni,12:30,Monday,141
Baldy,12:30,Monday,347
Bell,12:30,Monday,35
CFA,12:30,Monday,142
Capen,12:30,Monday,120
Cfa,12:30,Monday,271
Clemen,12:30,Monday,403
Cooke,12:30,Monday,238
Davis,12:30,Monday,123
Frnczk,12:30,Monday,122
Furnas,12:30,Monday,55
Grein,12:30,Monday,23
Hoch,12:30,Monday,197
Jacobs,12:30,Monday,210
Jarvis,12:30,Monday,31
Ketter,12:30,Monday,6
Knox,12:30,Monday,629
Math,12:30,Monday,51
Norton,12:30,Monday,125
Nsc,12:30,Monday,1306
Obrian,12:30,Monday,303
Park,12:30,Monday,133
Talbrt,12:30,Monday,180
Wilkeson,12:30,Monday,24
Academ,12:30,Thursday,356
Alfier,12:30,Thursday,138
Alumni,12:30,Thursday,87
Baldy,12:30,Thursday,343
Bell,12:30,Thursday,58
CFA,12:30,Thursday,151
Capen,12:30,Thursday,91
Cfa,12:30,Thursday,230
Clemen,12:30,Thursday,412
Cooke,12:30,Thursday,180
Davis,12:30,Thursday,100
Frnczk,12:30,Thursday,126
Furnas,12:30,Thursday,78
Grein,12:30,Thursday,7
Hoch,12:30,Thursday,180
Jacobs,12:30,Thursday,311
Knox,12:30,Thursday,780
Math,12:30,Thursday,105
Norton,12:30,Thursday,178
Nsc,12:30,Thursday,937
Obrian,12:30,Thursday,376
Park,12:30,Thursday,149
Slee,12:30,Thursday,12
Talbrt,12:30,Thursday,112
Ubcmns,12:30,Thursday,26
Wilkeson,12:30,Thursday,44
Academ,12:30,Tuesday,310
Alfier,12:30,Tuesday,138
Alumni,12:30,Tuesday,87
Baldy,12:30,Tuesday,324
Bell,12:30,Tuesday,82
CFA,12:30,Tuesday,135
Capen,12:30,Tuesday,151
Cfa,12:30,Tuesday,158
Clemen,12:30,Tuesday,404
Cooke,12:30,Tuesday,214
Davis,12:30,Tuesday,100
Frnczk,12:30,Tuesday,202
Furnas,12:30,Tuesday,59
Grein,12:30,Tuesday,7
Hoch,12:30,Tuesday,149
Jacobs,12:30,Tuesday,286
Knox,12:30,Tuesday,780
Math,12:30,Tuesday,90
Norton,12:30,Tuesday,185
Nsc,12:30,Tuesday,937
Obrian,12:30,Tuesday,376
Park,12:30,Tuesday,161
Slee,12:30,Tuesday,12
Talbrt,12:30,Tuesday,112
Ubcmns,12:30,Tuesday,26
Wilkeson,12:30,Tuesday,54
Academ,12:30,Wednesday,136
Alfier,12:30,Wednesday,147
Alumni,12:30,Wednesday,95
Baldy,12:30,Wednesday,263
Bell,12:30,Wednesday,35
Bonner,12:30,Wednesday,19
CFA,12:30,Wednesday,142
Capen,12:30,Wednesday,159
Cfa,12:30,Wednesday,144
Clemen,12:30,Wednesday,485
Cooke,12:30,Wednesday,214
Davis,12:30,Wednesday,138
Frnczk,12:30,Wednesday,157
Furnas,12:30,Wednesday,94
Grein,12:30,Wednesday,23
Hoch,12:30,Wednesday,202
Jacobs,12:30,Wednesday,210
Jarvis,12:30,Wednesday,30
Ketter,12:30,Wednesday,6
Knox,12:30,Wednesday,629
Math,12:30,Wednesday,51
Norton,12:30,Wednesday,136
Nsc,12:30,Wednesday,1306
Obrian,12:30,Wednesday,321
Park,12:30,Wednesday,150
Talbrt,12:30,Wednesday,189
Wilkeson,12:30,Wednesday,24
Academ,12:45,Monday,11
Alfier,12:45,Monday,147
Alumni,12:45,Monday,24
Baldy,12:45,Monday,8
CFA,12:45,Monday,142
Capen,12:45,Monday,23
Cfa,12:45,Monday,271
Clemen,12:45,Monday,38
Cooke,12:45,Monday,79
Frnczk,12:45,Monday,53
Furnas,12:45,Monday,55
Grein,12:45,Monday,23
Hoch,12:45,Monday,48
Jacobs,12:45,Monday,210
Jarvis,12:45,Monday,31
Ketter,12:45,Monday,6
Math,12:45,Monday,23
Obrian,12:45,Monday,162
Park,12:45,Monday,108
Academ,12:45,Thursday,356
Alfier,12:45,Thursday,138
Alumni,12:45,Thursday,87
Baldy,12:45,Thursday,318
Bell,12:45,Thursday,58
CFA,12:45,Thursday,143
Capen,12:45,Thursday,91
Cfa,12:45,Thursday,230
Clemen,12:45,Thursday,412
Cooke,12:45,Thursday,180
Davis,12:45,Thursday,100
Frnczk,12:45,Thursday,79
Furnas,12:45,Thursday,78
Grein,12:45,Thursday,7
Hoch,12:45,Thursday,180
Jacobs,12:45,Thursday,286
Knox,12:45,Thursday,780
Math,12:45,Thursday,105
Norton,12:45,Thursday,178
Nsc,12:45,Thursday,937
Obrian,12:45,Thursday,376
Park,12:45,Thursday,149
Slee,12:45,Thursday,12
Talbrt,12:45,Thursday,112
Ubcmns,12:45,Thursday,26
Wilkeson,12:45,Thursday,44
Academ,12:45,Tuesday,310
Alfier,12:45,Tuesday,138
Alumni,12:45,Tuesday,87
Baldy,12:45,Tuesday,299
Bell,12:45,Tuesday,58
CFA,12:45,Tuesday,128
Capen,12:45,Tuesday,151
Cfa,12:45,Tuesday,158
Clemen,12:45,Tuesday,426
Cooke,12:45,Tuesday,214
Davis,12:45,Tuesday,100
Frnczk,12:45,Tuesday,164
Furnas,12:45,Tuesday,59
Grein,12:45,Tuesday,7
Hoch,12:45,Tuesday,149
Jacobs,12:45,Tuesday,286
Knox,12:45,Tuesday,780
Math,12:45,Tuesday,90
Norton,12:45,Tuesday,185
Nsc,12:45,Tuesday,937
Obrian,12:45,Tuesday,376
Park,12:45,Tuesday,161
Slee,12:45,Tuesday,12
Talbrt,12:45,Tuesday,112
Ubcmns,12:45,Tuesday,26
Wilkeson,12:45,Tuesday,54
Academ,12:45,Wednesday,16
Alfier,12:45,Wednesday,147
Alumni,12:45,Wednesday,24
Baldy,12:45,Wednesday,33
CFA,12:45,Wednesday,142
Capen,12:45,Wednesday,23
Cfa,12:45,Wednesday,144
Clemen,12:45,Wednesday,63
Cooke,12:45,Wednesday,55
Davis,12:45,Wednesday,15
Frnczk,12:45,Wednesday,71
Furnas,12:45,Wednesday,64
Grein,12:45,Wednesday,23
Hoch,12:45,Wednesday,53
Jacobs,12:45,Wednesday,210
Jarvis,12:45,Wednesday,30
Ketter,12:45,Wednesday,6
Math,12:45,Wednesday,23
Obrian,12:45,Wednesday,162
Park,12:45,Wednesday,106
Talbrt,12:45,Wednesday,23
Academ,13:00,Friday,33
Alumni,13:00,Friday,122
Arr,13:00,Friday,5
Baird,13:00,Friday,23
Baldy,13:00,Friday,358
Bell,13:00,Friday,74
Bonner,13:00,Friday,16
Capen,13:00,Friday,129
Cfa,13:00,Friday,47
Clemen,13:00,Friday,407
Cooke,13:00,Friday,208
Davis,13:00,Friday,74
Frnczk,13:00,Friday,138
Furnas,13:00,Friday,35
Grein,13:00,Friday,20
Hoch,13:00,Friday,160
Jacobs,13:00,Friday,169
Jarvis,13:00,Friday,35
Knox,13:00,Friday,632
Math,13:00,Friday,90
Norton,13:00,Friday,413
Nsc,13:00,Friday,942
Obrian,13:00,Friday,76
Park,13:00,Friday,100
Spaulding,13:00,Friday,12
Talbrt,13:00,Friday,124
Ubcmns,13:00,Friday,11
Academ,13:00,Monday,176
Alfier,13:00,Monday,147
Alumni,13:00,Monday,123
Baird,13:00,Monday,31
Baldy,13:00,Monday,385
Bell,13:00,Monday,78
Bonner,13:00,Monday,18
CFA,13:00,Monday,142
Capen,13:00,Monday,174
Cfa,13:00,Monday,271
Clemen,13:00,Monday,427
Cooke,13:00,Monday,243
Davis,13:00,Monday,74
Frnczk,13:00,Monday,127
Furnas,13:00,Monday,84
Grein,13:00,Monday,43
Hoch,13:00,Monday,242
Jacobs,13:00,Monday,263
Jarvis,13:00,Monday,31
Ketter,13:00,Monday,6
Knox,13:00,Monday,762
Math,13:00,Monday,77
Norton,13:00,Monday,428
Nsc,13:00,Monday,1085
Obrian,13:00,Monday,543
Park,13:00,Monday,185
Talbrt,13:00,Monday,161
Wilkeson,13:00,Monday,22
Academ,13:00,Thursday,356
Alfier,13:00,Thursday,138
Alumni,13:00,Thursday,87
Baird,13:00,Thursday,3
Baldy,13:00,Thursday,395
Bell,13:00,Thursday,79
CFA,13:00,Thursday,143
Capen,13:00,Thursday,164
Cfa,13:00,Thursday,230
Clemen,13:00,Thursday,447
Cooke,13:00,Thursday,180
Davis,13:00,Thursday,100
Frnczk,13:00,Thursday,169
Furnas,13:00,Thursday,78
Grein,13:00,Thursday,7
Hoch,13:00,Thursday,226
Jacobs,13:00,Thursday,286
Knox,13:00,Thursday,780
Math,13:00,Thursday,105
Norton,13:00,Thursday,455
Nsc,13:00,Thursday,955
Obrian,13:00,Thursday,551
Park,13:00,Thursday,178
Slee,13:00,Thursday,12
Spaulding,13:00,Thursday,23
Talbrt,13:00,Thursday,158
Ubcmns,13:00,Thursday,26
Wilkeson,13:00,Thursday,44
Academ,13:00,Tuesday,310
Alfier,13:00,Tuesday,138
Alumni,13:00,Tuesday,87
Baldy,13:00,Tuesday,387
Bell,13:00,Tuesday,98
CFA,13:00,Tuesday,128
Capen,13:00,Tuesday,199
Cfa,13:00,Tuesday,158
Clemen,13:00,Tuesday,481
Cooke,13:00,Tuesday,214
Davis,13:00,Tuesday,100
Frnczk,13:00,Tuesday,182
Furnas,13:00,Tuesday,59
Grein,13:00,Tuesday,7
Hoch,13:00,Tuesday,206
Jacobs,13:00,Tuesday,313
Knox,13:00,Tuesday,780
Math,13:00,Tuesday,90
Norton,13:00,Tuesday,462
Nsc,13:00,Tuesday,954
Obrian,13:00,Tuesday,562
Park,13:00,Tuesday,213
Slee,13:00,Tuesday,12
Spaulding,13:00,Tuesday,24
Talbrt,13:00,Tuesday,188
Ubcmns,13:00,Tuesday,26
Wilkeson,13:00,Tuesday,54
Academ,13:00,Wednesday,181
Alfier,13:00,Wednesday,147
Alumni,13:00,Wednesday,123
Baird,13:00,Wednesday,66
Baldy,13:00,Wednesday,361
Bell,13:00,Wednesday,78
CFA,13:00,Wednesday,142
Capen,13:00,Wednesday,154
Cfa,13:00,Wednesday,144
Clemen,13:00,Wednesday,389
Cooke,13:00,Wednesday,218
Davis,13:00,Wednesday,89
Frnczk,13:00,Wednesday,165
Furnas,13:00,Wednesday,64
Grein,13:00,Wednesday,43
Hoch,13:00,Wednesday,263
Jacobs,13:00,Wednesday,260
Jarvis,13:00,Wednesday,52
Ketter,13:00,Wednesday,6
Knox,13:00,Wednesday,775
Math,13:00,Wednesday,77
Norton,13:00,Wednesday,386
Nsc,13:00,Wednesday,1079
Obrian,13:00,Wednesday,572
Park,13:00,Wednesday,178
Spaulding,13:00,Wednesday,30
Talbrt,13:00,Wednesday,203
Academ,13:15,Friday,33
Alumni,13:15,Friday,122
Arr,13:15,Friday,5
Baird,13:15,Friday,23
Baldy,13:15,Friday,358
Bell,13:15,Friday,74
Bonner,13:15,Friday,16
Capen,13:15,Friday,129
Cfa,13:15,Friday,38
Clemen,13:15,Friday,407
Cooke,13:15,Friday,208
Davis,13:15,Friday,74
Frnczk,13:15,Friday,138
Furnas,13:15,Friday,35
Grein,13:15,Friday,20
Hoch,13:15,Friday,160
Jacobs,13:15,Friday,169
Jarvis,13:15,Friday,35
Knox,13:15,Friday,632
Math,13:15,Friday,90
Norton,13:15,Friday,413
Nsc,13:15,Friday,942
Obrian,13:15,Friday,76
Park,13:15,Friday,100
Spaulding,13:15,Friday,12
Talbrt,13:15,Friday,124
Ubcmns,13:15,Friday,11
Academ,13:15,Monday,165
Alfier,13:15,Monday,147
Alumni,13:15,Monday,99
Baird,13:15,Monday,31
Baldy,13:15,Monday,377
Bell,13:15,Monday,78
Bonner,13:15,Monday,18
CFA,13:15,Monday,142
Capen,13:15,Monday,174
Cfa,13:15,Monday,39
Clemen,13:15,Monday,414
Cooke,13:15,Monday,243
Davis,13:15,Monday,74
Frnczk,13:15,Monday,127
Furnas,13:15,Monday,84
Grein,13:15,Monday,43
Hoch,13:15,Monday,242
Jacobs,13:15,Monday,263
Jarvis,13:15,Monday,31
Ketter,13:15,Monday,6
Knox,13:15,Monday,762
Math,13:15,Monday,54
Norton,13:15,Monday,428
Nsc,13:15,Monday,1085
Obrian,13:15,Monday,543
Park,13:15,Monday,153
Talbrt,13:15,Monday,161
Wilkeson,13:15,Monday,22
Academ,13:15,Thursday,331
Alfier,13:15,Thursday,138
Alumni,13:15,Thursday,58
Baird,13:15,Thursday,3
Baldy,13:15,Thursday,362
Bell,13:15,Thursday,51
CFA,13:15,Thursday,143
Capen,13:15,Thursday,164
Cfa,13:15,Thursday,71
Clemen,13:15,Thursday,359
Cooke,13:15,Thursday,145
Davis,13:15,Thursday,100
Frnczk,13:15,Thursday,169
Furnas,13:15,Thursday,56
Grein,13:15,Thursday,7
Hoch,13:15,Thursday,226
Jacobs,13:15,Thursday,226
Knox,13:15,Thursday,780
Math,13:15,Thursday,90
Norton,13:15,Thursday,455
Nsc,13:15,Thursday,955
Obrian,13:15,Thursday,551
Park,13:15,Thursday,178
Slee,13:15,Thursday,12
Spaulding,13:15,Thursday,23
Talbrt,13:15,Thursday,158
Ubcmns,13:15,Thursday,26
Wilkeson,13:15,Thursday,44
Academ,13:15,Tuesday,310
Alfier,13:15,Tuesday,138
Alumni,13:15,Tuesday,58
Baldy,13:15,Tuesday,372
Bell,13:15,Tuesday,70
CFA,13:15,Tuesday,128
Capen,13:15,Tuesday,139
Cfa,13:15,Tuesday,98
Clemen,13:15,Tuesday,387
Cooke,13:15,Tuesday,151
Davis,13:15,Tuesday,100
Frnczk,13:15,Tuesday,96
Furnas,13:15,Tuesday,59
Grein,13:15,Tuesday,7
Hoch,13:15,Tuesday,206
Jacobs,13:15,Tuesday,253
Knox,13:15,Tuesday,780
Math,13:15,Tuesday,90
Norton,13:15,Tuesday,462
Nsc,13:15,Tuesday,954
Obrian,13:15,Tuesday,562
Park,13:15,Tuesday,213
Slee,13:15,Tuesday,12
Spaulding,13:15,Tuesday,24
Talbrt,13:15,Tuesday,188
Ubcmns,13:15,Tuesday,26
Wilkeson,13:15,Tuesday,54
Academ,13:15,Wednesday,170
Alfier,13:15,Wednesday,147
Alumni,13:15,Wednesday,99
Baird,13:15,Wednesday,66
Baldy,13:15,Wednesday,353
Bell,13:15,Wednesday,78
CFA,13:15,Wednesday,142
Capen,13:15,Wednesday,154
Cfa,13:15,Wednesday,23
Clemen,13:15,Wednesday,376
Cooke,13:15,Wednesday,218
Davis,13:15,Wednesday,89
Frnczk,13:15,Wednesday,165
Furnas,13:15,Wednesday,64
Grein,13:15,Wednesday,43
Hoch,13:15,Wednesday,263
Jacobs,13:15,Wednesday,260
Jarvis,13:15,Wednesday,52
Ketter,13:15,Wednesday,6
Knox,13:15,Wednesday,775
Math,13:15,Wednesday,54
Norton,13:15,Wednesday,386
Nsc,13:15,Wednesday,1079
Obrian,13:15,Wednesday,572
Park,13:15,Wednesday,150
Spaulding,13:15,Wednesday,30
Talbrt,13:15,Wednesday,203
Academ,13:30,Friday,33
Alumni,13:30,Friday,122
Arr,13:30,Friday,5
Baird,13:30,Friday,23
Baldy,13:30,Friday,358
Bell,13:30,Friday,74
Bonner,13:30,Friday,16
Capen,13:30,Friday,129
Cfa,13:30,Friday,38
Clemen,13:30,Friday,407
Cooke,13:30,Friday,208
Davis,13:30,Friday,74
Frnczk,13:30,Friday,138
Furnas,13:30,Friday,35
Grein,13:30,Friday,20
Hoch,13:30,Friday,160
Jacobs,13:30,Friday,169
Jarvis,13:30,Friday,35
Knox,13:30,Friday,632
Math,13:30,Friday,90
Norton,13:30,Friday,413
Nsc,13:30,Friday,942
Obrian,13:30,Friday,84
Park,13:30,Friday,100
Spaulding,13:30,Friday,12
Talbrt,13:30,Friday,124
Ubcmns,13:30,Friday,11
Academ,13:30,Monday,181
Alfier,13:30,Monday,147
Alumni,13:30,Monday,116
Baird,13:30,Monday,31
Baldy,13:30,Monday,377
Bell,13:30,Monday,78
Bonner,13:30,Monday,18
CFA,13:30,Monday,142
Capen,13:30,Monday,174
Cfa,13:30,Monday,100
Clemen,13:30,Monday,418
Cooke,13:30,Monday,219
Davis,13:30,Monday,74
Frnczk,13:30,Monday,133
Furnas,13:30,Monday,84
Grein,13:30,Monday,43
Hoch,13:30,Monday,242
Jacobs,13:30,Monday,263
Jarvis,13:30,Monday,31
Ketter,13:30,Monday,6
Knox,13:30,Monday,762
Math,13:30,Monday,54
Norton,13:30,Monday,428
Nsc,13:30,Monday,1085
Obrian,13:30,Monday,543
Park,13:30,Monday,153
Talbrt,13:30,Monday,161
Wilkeson,13:30,Monday,22
Academ,13:30,Thursday,331
Alfier,13:30,Thursday,138
Alumni,13:30,Thursday,64
Baird,13:30,Thursday,3
Baldy,13:30,Thursday,397
Bell,13:30,Thursday,51
CFA,13:30,Thursday,143
Capen,13:30,Thursday,164
Cfa,13:30,Thursday,97
Clemen,13:30,Thursday,359
Cooke,13:30,Thursday,180
Davis,13:30,Thursday,100
Frnczk,13:30,Thursday,169
Furnas,13:30,Thursday,56
Grein,13:30,Thursday,7
Hoch,13:30,Thursday,183
Jacobs,13:30,Thursday,226
Knox,13:30,Thursday,780
Math,13:30,Thursday,90
Norton,13:30,Thursday,455
Nsc,13:30,Thursday,955
Obrian,13:30,Thursday,582
Park,13:30,Thursday,178
Slee,13:30,Thursday,12
Spaulding,13:30,Thursday,23
Talbrt,13:30,Thursday,158
Ubcmns,13:30,Thursday,26
Wilkeson,13:30,Thursday,44
Academ,13:30,Tuesday,310
Alfier,13:30,Tuesday,138
Alumni,13:30,Tuesday,63
Baldy,13:30,Tuesday,407
Bell,13:30,Tuesday,70
CFA,13:30,Tuesday,128
Capen,13:30,Tuesday,139
Cfa,13:30,Tuesday,124
Clemen,13:30,Tuesday,387
Cooke,13:30,Tuesday,186
Davis,13:30,Tuesday,100
Frnczk,13:30,Tuesday,96
Furnas,13:30,Tuesday,59
Grein,13:30,Tuesday,7
Hoch,13:30,Tuesday,182
Jacobs,13:30,Tuesday,253
Knox,13:30,Tuesday,780
Math,13:30,Tuesday,90
Norton,13:30,Tuesday,462
Nsc,13:30,Tuesday,954
Obrian,13:30,Tuesday,593
Park,13:30,Tuesday,213
Slee,13:30,Tuesday,12
Spaulding,13:30,Tuesday,24
Talbrt,13:30,Tuesday,188
Ubcmns,13:30,Tuesday,26
Wilkeson,13:30,Tuesday,54
Academ,13:30,Wednesday,186
Alfier,13:30,Wednesday,147
Alumni,13:30,Wednesday,116
Baird,13:30,Wednesday,66
Baldy,13:30,Wednesday,353
Bell,13:30,Wednesday,78
CFA,13:30,Wednesday,142
Capen,13:30,Wednesday,154
Cfa,13:30,Wednesday,84
Clemen,13:30,Wednesday,380
Cooke,13:30,Wednesday,218
Davis,13:30,Wednesday,89
Frnczk,13:30,Wednesday,165
Furnas,13:30,Wednesday,64
Grein,13:30,Wednesday,43
Hoch,13:30,Wednesday,263
Jacobs,13:30,Wednesday,260
Jarvis,13:30,Wednesday,52
Ketter,13:30,Wednesday,6
Knox,13:30,Wednesday,775
Math,13:30,Wednesday,54
Norton,13:30,Wednesday,386
Nsc,13:30,Wednesday,1079
Obrian,13:30,Wednesday,572
Park,13:30,Wednesday,150
Spaulding,13:30,Wednesday,30
Talbrt,13:30,Wednesday,203
Academ,13:45,Monday,148
Alfier,13:45,Monday,52
Alumni,13:45,Monday,17
Baldy,13:45,Monday,69
Bell,13:45,Monday,5
CFA,13:45,Monday,142
Cfa,13:45,Monday,81
Clemen,13:45,Monday,57
Cooke,13:45,Monday,61
Frnczk,13:45,Monday,6
Hoch,13:45,Monday,95
Math,13:45,Monday,50
Nsc,13:45,Monday,77
Obrian,13:45,Monday,367
Park,13:45,Monday,63
Talbrt,13:45,Monday,17
Wilkeson,13:45,Monday,22
Academ,13:45,Thursday,26
Alfier,13:45,Thursday,102
Alumni,13:45,Thursday,6
Baird,13:45,Thursday,3
Baldy,13:45,Thursday,45
CFA,13:45,Thursday,128
Capen,13:45,Thursday,5
Cfa,13:45,Thursday,37
Clemen,13:45,Thursday,24
Cooke,13:45,Thursday,55
Frnczk,13:45,Thursday,43
Furnas,13:45,Thursday,56
Hoch,13:45,Thursday,47
Nsc,13:45,Thursday,18
Obrian,13:45,Thursday,243
Park,13:45,Thursday,23
Spaulding,13:45,Thursday,23
Academ,13:45,Tuesday,5
Alfier,13:45,Tuesday,102
Alumni,13:45,Tuesday,5
Baldy,13:45,Tuesday,73
CFA,13:45,Tuesday,128
Cfa,13:45,Tuesday,37
Clemen,13:45,Tuesday,34
Cooke,13:45,Tuesday,55
Frnczk,13:45,Tuesday,43
Furnas,13:45,Tuesday,21
Hoch,13:45,Tuesday,56
Nsc,13:45,Tuesday,17
Obrian,13:45,Tuesday,254
Park,13:45,Tuesday,52
Spaulding,13:45,Tuesday,24
Academ,13:45,Wednesday,153
Alfier,13:45,Wednesday,52
Alumni,13:45,Wednesday,17
Baird,13:45,Wednesday,35
Baldy,13:45,Wednesday,41
Bell,13:45,Wednesday,5
CFA,13:45,Wednesday,142
Cfa,13:45,Wednesday,65
Clemen,13:45,Wednesday,64
Cooke,13:45,Wednesday,55
Davis,13:45,Wednesday,15
Frnczk,13:45,Wednesday,56
Hoch,13:45,Wednesday,116
Jarvis,13:45,Wednesday,22
Math,13:45,Wednesday,50
Norton,13:45,Wednesday,23
Nsc,13:45,Wednesday,71
Obrian,13:45,Wednesday,381
Park,13:45,Wednesday,63
Spaulding,13:45,Wednesday,30
Academ,14:00,Friday,58
Alumni,14:00,Friday,48
Baird,14:00,Friday,3
Baldy,14:00,Friday,210
Bell,14:00,Friday,19
Bonner,14:00,Friday,16
CFA,14:00,Friday,20
Capen,14:00,Friday,111
Cfa,14:00,Friday,63
Clemen,14:00,Friday,403
Cooke,14:00,Friday,199
Davis,14:00,Friday,103
Frnczk,14:00,Friday,140
Furnas,14:00,Friday,40
Hoch,14:00,Friday,13
Jacobs,14:00,Friday,148
Jarvis,14:00,Friday,23
Knox,14:00,Friday,1108
Math,14:00,Friday,83
Norton,14:00,Friday,134
Nsc,14:00,Friday,807
Obrian,14:00,Friday,278
Park,14:00,Friday,103
Spaulding,14:00,Friday,12
Talbrt,14:00,Friday,171
Academ,14:00,Monday,282
Alfier,14:00,Monday,73
Alumni,14:00,Monday,122
Baird,14:00,Monday,11
Baldy,14:00,Monday,337
Bell,14:00,Monday,97
Bonner,14:00,Monday,25
CFA,14:00,Monday,142
Capen,14:00,Monday,143
Cfa,14:00,Monday,173
Clemen,14:00,Monday,393
Cooke,14:00,Monday,282
Davis,14:00,Monday,103
Frnczk,14:00,Monday,138
Furnas,14:00,Monday,41
Grein,14:00,Monday,18
Hoch,14:00,Monday,71
Jacobs,14:00,Monday,304
Jarvis,14:00,Monday,10
Knox,14:00,Monday,1108
Math,14:00,Monday,80
Norton,14:00,Monday,211
Nsc,14:00,Monday,1266
Obrian,14:00,Monday,612
Park,14:00,Monday,148
Talbrt,14:00,Monday,143
Wilkeson,14:00,Monday,22
Academ,14:00,Thursday,171
Alfier,14:00,Thursday,123
Alumni,14:00,Thursday,17
Baird,14:00,Thursday,55
Baldy,14:00,Thursday,380
Bell,14:00,Thursday,80
CFA,14:00,Thursday,128
Capen,14:00,Thursday,135
Cfa,14:00,Thursday,183
Clemen,14:00,Thursday,350
Cooke,14:00,Thursday,285
Davis,14:00,Thursday,81
Frnczk,14:00,Thursday,194
Furnas,14:00,Thursday,71
Hoch,14:00,Thursday,114
Jacobs,14:00,Thursday,252
Ketter,14:00,Thursday,5
Knox,14:00,Thursday,511
Math,14:00,Thursday,68
Norton,14:00,Thursday,420
Nsc,14:00,Thursday,1006
Obrian,14:00,Thursday,584
Park,14:00,Thursday,131
Spaulding,14:00,Thursday,23
Talbrt,14:00,Thursday,141
Ubcmns,14:00,Thursday,24
Wilkeson,14:00,Thursday,35
Academ,14:00,Tuesday,192
Alfier,14:00,Tuesday,123
Alumni,14:00,Tuesday,46
Baird,14:00,Tuesday,52
Baldy,14:00,Tuesday,406
Bell,14:00,Tuesday,80
CFA,14:00,Tuesday,128
Capen,14:00,Tuesday,189
Cfa,14:00,Tuesday,183
Clemen,14:00,Tuesday,305
Cooke,14:00,Tuesday,285
Davis,14:00,Tuesday,81
Frnczk,14:00,Tuesday,172
Furnas,14:00,Tuesday,87
Hoch,14:00,Tuesday,138
Jacobs,14:00,Tuesday,251
Jarvis,14:00,Tuesday,10
Ketter,14:00,Tuesday,5
Knox,14:00,Tuesday,511
Math,14:00,Tuesday,68
Norton,14:00,Tuesday,420
Nsc,14:00,Tuesday,1038
Obrian,14:00,Tuesday,575
Park,14:00,Tuesday,169
Spaulding,14:00,Tuesday,24
Talbrt,14:00,Tuesday,141
Ubcmns,14:00,Tuesday,24
Wilkeson,14:00,Tuesday,32
Academ,14:00,Wednesday,217
Alfier,14:00,Wednesday,73
Alumni,14:00,Wednesday,105
Baird,14:00,Wednesday,46
Baldy,14:00,Wednesday,280
Bell,14:00,Wednesday,53
CFA,14:00,Wednesday,147
Capen,14:00,Wednesday,184
Cfa,14:00,Wednesday,157
Clemen,14:00,Wednesday,459
Cooke,14:00,Wednesday,275
Davis,14:00,Wednesday,118
Frnczk,14:00,Wednesday,188
Furnas,14:00,Wednesday,59
Hoch,14:00,Wednesday,197
Jacobs,14:00,Wednesday,306
Jarvis,14:00,Wednesday,22
Knox,14:00,Wednesday,1108
Math,14:00,Wednesday,80
Norton,14:00,Wednesday,219
Nsc,14:00,Wednesday,1306
Obrian,14:00,Wednesday,650
Park,14:00,Wednesday,143
Spaulding,14:00,Wednesday,30
Talbrt,14:00,Wednesday,179
Academ,14:15,Friday,58
Alumni,14:15,Friday,48
Baird,14:15,Friday,3
Baldy,14:15,Friday,210
Bell,14:15,Friday,19
Bonner,14:15,Friday,16
CFA,14:15,Friday,20
Capen,14:15,Friday,111
Cfa,14:15,Friday,63
Clemen,14:15,Friday,403
Cooke,14:15,Friday,199
Davis,14:15,Friday,103
Frnczk,14:15,Friday,140
Furnas,14:15,Friday,40
Hoch,14:15,Friday,13
Jacobs,14:15,Friday,148
Jarvis,14:15,Friday,23
Knox,14:15,Friday,1108
Math,14:15,Friday,33
Norton,14:15,Friday,134
Nsc,14:15,Friday,807
Obrian,14:15,Friday,278
Park,14:15,Friday,103
Spaulding,14:15,Friday,12
Talbrt,14:15,Friday,171
Academ,14:15,Monday,150
Alfier,14:15,Monday,73
Alumni,14:15,Monday,122
Baird,14:15,Monday,11
Baldy,14:15,Monday,320
Bell,14:15,Monday,92
Bonner,14:15,Monday,25
CFA,14:15,Monday,142
Capen,14:15,Monday,143
Cfa,14:15,Monday,173
Clemen,14:15,Monday,373
Cooke,14:15,Monday,282
Davis,14:15,Monday,103
Frnczk,14:15,Monday,138
Furnas,14:15,Monday,41
Grein,14:15,Monday,18
Hoch,14:15,Monday,71
Jacobs,14:15,Monday,304
Jarvis,14:15,Monday,10
Knox,14:15,Monday,1108
Math,14:15,Monday,30
Norton,14:15,Monday,211
Nsc,14:15,Monday,1195
Obrian,14:15,Monday,556
Park,14:15,Monday,148
Talbrt,14:15,Monday,143
Academ,14:15,Thursday,171
Alfier,14:15,Thursday,123
Alumni,14:15,Thursday,17
Baird,14:15,Thursday,55
Baldy,14:15,Thursday,380
Bell,14:15,Thursday,80
CFA,14:15,Thursday,128
Capen,14:15,Thursday,135
Cfa,14:15,Thursday,183
Clemen,14:15,Thursday,350
Cooke,14:15,Thursday,289
Davis,14:15,Thursday,81
Frnczk,14:15,Thursday,194
Furnas,14:15,Thursday,71
Hoch,14:15,Thursday,138
Jacobs,14:15,Thursday,252
Ketter,14:15,Thursday,5
Knox,14:15,Thursday,511
Math,14:15,Thursday,68
Norton,14:15,Thursday,420
Nsc,14:15,Thursday,1006
Obrian,14:15,Thursday,584
Park,14:15,Thursday,131
Spaulding,14:15,Thursday,23
Talbrt,14:15,Thursday,141
Ubcmns,14:15,Thursday,24
Wilkeson,14:15,Thursday,35
Academ,14:15,Tuesday,192
Alfier,14:15,Tuesday,123
Alumni,14:15,Tuesday,46
Baird,14:15,Tuesday,52
Baldy,14:15,Tuesday,406
Bell,14:15,Tuesday,80
CFA,14:15,Tuesday,128
Capen,14:15,Tuesday,189
Cfa,14:15,Tuesday,183
Clemen,14:15,Tuesday,305
Cooke,14:15,Tuesday,289
Davis,14:15,Tuesday,81
Frnczk,14:15,Tuesday,172
Furnas,14:15,Tuesday,87
Hoch,14:15,Tuesday,162
Jacobs,14:15,Tuesday,251
Jarvis,14:15,Tuesday,10
Ketter,14:15,Tuesday,5
Knox,14:15,Tuesday,511
Math,14:15,Tuesday,68
Norton,14:15,Tuesday,420
Nsc,14:15,Tuesday,1038
Obrian,14:15,Tuesday,575
Park,14:15,Tuesday,169
Spaulding,14:15,Tuesday,24
Talbrt,14:15,Tuesday,141
Ubcmns,14:15,Tuesday,24
Wilkeson,14:15,Tuesday,32
Academ,14:15,Wednesday,85
Alfier,14:15,Wednesday,73
Alumni,14:15,Wednesday,105
Baird,14:15,Wednesday,46
Baldy,14:15,Wednesday,263
Bell,14:15,Wednesday,48
CFA,14:15,Wednesday,147
Capen,14:15,Wednesday,184
Cfa,14:15,Wednesday,157
Clemen,14:15,Wednesday,439
Cooke,14:15,Wednesday,299
Davis,14:15,Wednesday,118
Frnczk,14:15,Wednesday,188
Furnas,14:15,Wednesday,59
Hoch,14:15,Wednesday,198
Jacobs,14:15,Wednesday,306
Jarvis,14:15,Wednesday,22
Knox,14:15,Wednesday,1108
Math,14:15,Wednesday,30
Norton,14:15,Wednesday,219
Nsc,14:15,Wednesday,1235
Obrian,14:15,Wednesday,594
Park,14:15,Wednesday,143
Spaulding,14:15,Wednesday,30
Talbrt,14:15,Wednesday,179
Academ,14:30,Friday,58
Alumni,14:30,Friday,48
Baird,14:30,Friday,3
Baldy,14:30,Friday,222
Bell,14:30,Friday,33
Bonner,14:30,Friday,16
CFA,14:30,Friday,20
Capen,14:30,Friday,111
Cfa,14:30,Friday,63
Clemen,14:30,Friday,403
Cooke,14:30,Friday,164
Davis,14:30,Friday,103
Frnczk,14:30,Friday,140
Furnas,14:30,Friday,40
Hoch,14:30,Friday,13
Jacobs,14:30,Friday,148
Jarvis,14:30,Friday,23
Knox,14:30,Friday,1108
Math,14:30,Friday,33
Norton,14:30,Friday,134
Nsc,14:30,Friday,807
Obrian,14:30,Friday,278
Park,14:30,Friday,103
Spaulding,14:30,Friday,12
Talbrt,14:30,Friday,171
Academ,14:30,Monday,150
Alfier,14:30,Monday,82
Alumni,14:30,Monday,122
Baird,14:30,Monday,11
Baldy,14:30,Monday,320
Bell,14:30,Monday,106
Bonner,14:30,Monday,25
CFA,14:30,Monday,142
Capen,14:30,Monday,143
Cfa,14:30,Monday,173
Clemen,14:30,Monday,373
Cooke,14:30,Monday,247
Davis,14:30,Monday,103
Frnczk,14:30,Monday,138
Furnas,14:30,Monday,41
Grein,14:30,Monday,18
Hoch,14:30,Monday,71
Jacobs,14:30,Monday,304
Jarvis,14:30,Monday,10
Knox,14:30,Monday,1108
Math,14:30,Monday,30
Norton,14:30,Monday,211
Nsc,14:30,Monday,1247
Obrian,14:30,Monday,484
Park,14:30,Monday,111
Talbrt,14:30,Monday,143
Academ,14:30,Thursday,171
Alfier,14:30,Thursday,137
Alumni,14:30,Thursday,17
Baird,14:30,Thursday,55
Baldy,14:30,Thursday,380
Bell,14:30,Thursday,80
CFA,14:30,Thursday,128
Capen,14:30,Thursday,135
Cfa,14:30,Thursday,183
Clemen,14:30,Thursday,350
Cooke,14:30,Thursday,309
Davis,14:30,Thursday,81
Frnczk,14:30,Thursday,194
Furnas,14:30,Thursday,71
Hoch,14:30,Thursday,138
Jacobs,14:30,Thursday,252
Ketter,14:30,Thursday,5
Knox,14:30,Thursday,511
Math,14:30,Thursday,68
Norton,14:30,Thursday,420
Nsc,14:30,Thursday,1057
Obrian,14:30,Thursday,548
Park,14:30,Thursday,113
Spaulding,14:30,Thursday,23
Talbrt,14:30,Thursday,141
Ubcmns,14:30,Thursday,24
Wilkeson,14:30,Thursday,35
Academ,14:30,Tuesday,192
Alfier,14:30,Tuesday,142
Alumni,14:30,Tuesday,46
Baird,14:30,Tuesday,52
Baldy,14:30,Tuesday,406
Bell,14:30,Tuesday,80
CFA,14:30,Tuesday,128
Capen,14:30,Tuesday,189
Cfa,14:30,Tuesday,231
Clemen,14:30,Tuesday,305
Cooke,14:30,Tuesday,309
Davis,14:30,Tuesday,81
Frnczk,14:30,Tuesday,172
Furnas,14:30,Tuesday,87
Hoch,14:30,Tuesday,162
Jacobs,14:30,Tuesday,251
Jarvis,14:30,Tuesday,10
Ketter,14:30,Tuesday,5
Knox,14:30,Tuesday,511
Math,14:30,Tuesday,68
Norton,14:30,Tuesday,420
Nsc,14:30,Tuesday,1038
Obrian,14:30,Tuesday,539
Park,14:30,Tuesday,151
Spaulding,14:30,Tuesday,24
Talbrt,14:30,Tuesday,141
Ubcmns,14:30,Tuesday,24
Wilkeson,14:30,Tuesday,32
Academ,14:30,Wednesday,85
Alfier,14:30,Wednesday,82
Alumni,14:30,Wednesday,105
Baird,14:30,Wednesday,46
Baldy,14:30,Wednesday,263
Bell,14:30,Wednesday,62
CFA,14:30,Wednesday,147
Capen,14:30,Wednesday,184
Cfa,14:30,Wednesday,153
Clemen,14:30,Wednesday,439
Cooke,14:30,Wednesday,264
Davis,14:30,Wednesday,118
Frnczk,14:30,Wednesday,188
Furnas,14:30,Wednesday,59
Hoch,14:30,Wednesday,198
Jacobs,14:30,Wednesday,306
Jarvis,14:30,Wednesday,22
Knox,14:30,Wednesday,1108
Math,14:30,Wednesday,30
Norton,14:30,Wednesday,219
Nsc,14:30,Wednesday,1287
Obrian,14:30,Wednesday,522
Park,14:30,Wednesday,106
Spaulding,14:30,Wednesday,30
Talbrt,14:30,Wednesday,179
Academ,14:45,Friday,7
Baird,14:45,Friday,3
Baldy,14:45,Friday,60
Bell,14:45,Friday,14
CFA,14:45,Friday,20
Capen,14:45,Friday,23
Cfa,14:45,Friday,14
Clemen,14:45,Friday,52
Frnczk,14:45,Friday,65
Furnas,14:45,Friday,40
Jacobs,14:45,Friday,11
Jarvis,14:45,Friday,23
Norton,14:45,Friday,15
Nsc,14:45,Friday,91
Obrian,14:45,Friday,21
Park,14:45,Friday,2
Spaulding,14:45,Friday,12
Academ,14:45,Monday,83
Alfier,14:45,Monday,82
Alumni,14:45,Monday,17
Baird,14:45,Monday,11
Baldy,14:45,Monday,136
Bell,14:45,Monday,33
CFA,14:45,Monday,142
Cfa,14:45,Monday,54
Clemen,14:45,Monday,75
Cooke,14:45,Monday,50
Frnczk,14:45,Monday,57
Furnas,14:45,Monday,41
Grein,14:45,Monday,18
Hoch,14:45,Monday,82
Jacobs,14:45,Monday,254
Jarvis,14:45,Monday,10
Math,14:45,Monday,30
Norton,14:45,Monday,54
Nsc,14:45,Monday,531
Obrian,14:45,Monday,191
Park,14:45,Monday,66
Talbrt,14:45,Monday,17
Academ,14:45,Thursday,171
Alfier,14:45,Thursday,137
Alumni,14:45,Thursday,17
Baird,14:45,Thursday,55
Baldy,14:45,Thursday,323
Bell,14:45,Thursday,80
CFA,14:45,Thursday,128
Capen,14:45,Thursday,105
Cfa,14:45,Thursday,157
Clemen,14:45,Thursday,254
Cooke,14:45,Thursday,309
Davis,14:45,Thursday,81
Frnczk,14:45,Thursday,151
Furnas,14:45,Thursday,47
Hoch,14:45,Thursday,138
Jacobs,14:45,Thursday,227
Ketter,14:45,Thursday,5
Knox,14:45,Thursday,511
Math,14:45,Thursday,68
Norton,14:45,Thursday,420
Nsc,14:45,Thursday,1057
Obrian,14:45,Thursday,405
Park,14:45,Thursday,91
Spaulding,14:45,Thursday,23
Talbrt,14:45,Thursday,141
Ubcmns,14:45,Thursday,24
Wilkeson,14:45,Thursday,35
Academ,14:45,Tuesday,192
Alfier,14:45,Tuesday,142
Alumni,14:45,Tuesday,16
Baird,14:45,Tuesday,52
Baldy,14:45,Tuesday,311
Bell,14:45,Tuesday,80
CFA,14:45,Tuesday,128
Capen,14:45,Tuesday,107
Cfa,14:45,Tuesday,205
Clemen,14:45,Tuesday,258
Cooke,14:45,Tuesday,309
Davis,14:45,Tuesday,81
Frnczk,14:45,Tuesday,129
Furnas,14:45,Tuesday,66
Hoch,14:45,Tuesday,147
Jacobs,14:45,Tuesday,227
Jarvis,14:45,Tuesday,10
Ketter,14:45,Tuesday,5
Knox,14:45,Tuesday,511
Math,14:45,Tuesday,68
Norton,14:45,Tuesday,420
Nsc,14:45,Tuesday,993
Obrian,14:45,Tuesday,402
Park,14:45,Tuesday,124
Spaulding,14:45,Tuesday,24
Talbrt,14:45,Tuesday,141
Ubcmns,14:45,Tuesday,24
Wilkeson,14:45,Tuesday,32
Academ,14:45,Wednesday,18
Alfier,14:45,Wednesday,82
Baird,14:45,Wednesday,20
Baldy,14:45,Wednesday,131
Bell,14:45,Wednesday,48
CFA,14:45,Wednesday,147
Capen,14:45,Wednesday,20
Cfa,14:45,Wednesday,43
Clemen,14:45,Wednesday,77
Cooke,14:45,Wednesday,67
Frnczk,14:45,Wednesday,69
Furnas,14:45,Wednesday,59
Hoch,14:45,Wednesday,209
Jacobs,14:45,Wednesday,254
Jarvis,14:45,Wednesday,22
Math,14:45,Wednesday,30
Norton,14:45,Wednesday,77
Nsc,14:45,Wednesday,571
Obrian,14:45,Wednesday,229
Park,14:45,Wednesday,79
Spaulding,14:45,Wednesday,30
Academ,15:00,Friday,7
Alfier,15:00,Friday,25
Baird,15:00,Friday,3
Baldy,15:00,Friday,163
Bell,15:00,Friday,14
CFA,15:00,Friday,20
Capen,15:00,Friday,53
Clemen,15:00,Friday,239
Cooke,15:00,Friday,151
Davis,15:00,Friday,51
Frnczk,15:00,Friday,100
Furnas,15:00,Friday,40
Jacobs,15:00,Friday,169
Jarvis,15:00,Friday,23
Knox,15:00,Friday,690
Math,15:00,Friday,34
Norton,15:00,Friday,277
Nsc,15:00,Friday,730
Obrian,15:00,Friday,135
Park,15:00,Friday,80
Spaulding,15:00,Friday,12
Talbrt,15:00,Friday,157
Academ,15:00,Monday,152
Alfier,15:00,Monday,82
Alumni,15:00,Monday,148
Baird,15:00,Monday,12
Baldy,15:00,Monday,274
Bell,15:00,Monday,57
Bonner,15:00,Monday,25
Capen,15:00,Monday,109
Cfa,15:00,Monday,54
Clemen,15:00,Monday,306
Cooke,15:00,Monday,179
Davis,15:00,Monday,51
Frnczk,15:00,Monday,92
Furnas,15:00,Monday,41
Grein,15:00,Monday,18
Hoch,15:00,Monday,72
Jacobs,15:00,Monday,304
Jarvis,15:00,Monday,10
Ketter,15:00,Monday,6
Knox,15:00,Monday,501
Math,15:00,Monday,30
Norton,15:00,Monday,398
Nsc,15:00,Monday,1196
Obrian,15:00,Monday,331
Park,15:00,Monday,124
Talbrt,15:00,Monday,142
Ubcmns,15:00,Monday,13
Wilkeson,15:00,Monday,37
Academ,15:00,Thursday,178
Alfier,15:00,Thursday,137
Alumni,15:00,Thursday,146
Baird,15:00,Thursday,55
Baldy,15:00,Thursday,310
Bell,15:00,Thursday,80
Capen,15:00,Thursday,105
Cfa,15:00,Thursday,146
Clemen,15:00,Thursday,254
Cooke,15:00,Thursday,309
Davis,15:00,Thursday,81
Frnczk,15:00,Thursday,176
Furnas,15:00,Thursday,70
Hoch,15:00,Thursday,138
Jacobs,15:00,Thursday,227
Ketter,15:00,Thursday,5
Knox,15:00,Thursday,511
Math,15:00,Thursday,68
Norton,15:00,Thursday,420
Nsc,15:00,Thursday,1057
Obrian,15:00,Thursday,471
Park,15:00,Thursday,91
Spaulding,15:00,Thursday,23
Talbrt,15:00,Thursday,141
Ubcmns,15:00,Thursday,24
Wilkeson,15:00,Thursday,35
Academ,15:00,Tuesday,225
Alfier,15:00,Tuesday,142
Alumni,15:00,Tuesday,145
Baird,15:00,Tuesday,52
Baldy,15:00,Tuesday,339
Bell,15:00,Tuesday,80
Capen,15:00,Tuesday,107
Cfa,15:00,Tuesday,194
Clemen,15:00,Tuesday,288
Cooke,15:00,Tuesday,309
Davis,15:00,Tuesday,81
Frnczk,15:00,Tuesday,156
Furnas,15:00,Tuesday,66
Hoch,15:00,Tuesday,162
Jacobs,15:00,Tuesday,253
Jarvis,15:00,Tuesday,10
Ketter,15:00,Tuesday,5
Knox,15:00,Tuesday,511
Math,15:00,Tuesday,68
Norton,15:00,Tuesday,420
Nsc,15:00,Tuesday,993
Obrian,15:00,Tuesday,468
Park,15:00,Tuesday,124
Spaulding,15:00,Tuesday,24
Talbrt,15:00,Tuesday,141
Ubcmns,15:00,Tuesday,24
Wilkeson,15:00,Tuesday,32
Academ,15:00,Wednesday,87
Alfier,15:00,Wednesday,82
Alumni,15:00,Wednesday,155
Baird,15:00,Wednesday,20
Baldy,15:00,Wednesday,207
Bell,15:00,Wednesday,67
CFA,15:00,Wednesday,5
Capen,15:00,Wednesday,93
Cfa,15:00,Wednesday,43
Clemen,15:00,Wednesday,363
Cooke,15:00,Wednesday,210
Davis,15:00,Wednesday,51
Frnczk,15:00,Wednesday,125
Furnas,15:00,Wednesday,82
Hoch,15:00,Wednesday,209
Jacobs,15:00,Wednesday,301
Jarvis,15:00,Wednesday,22
Ketter,15:00,Wednesday,6
Knox,15:00,Wednesday,540
Math,15:00,Wednesday,60
Norton,15:00,Wednesday,381
Nsc,15:00,Wednesday,1236
Obrian,15:00,Wednesday,407
Park,15:00,Wednesday,167
Spaulding,15:00,Wednesday,30
Talbrt,15:00,Wednesday,125
Wilkeson,15:00,Wednesday,39
Academ,15:15,Monday,101
Alfier,15:15,Monday,35
Alumni,15:15,Monday,148
Baird,15:15,Monday,1
Baldy,15:15,Monday,274
Bell,15:15,Monday,57
Bonner,15:15,Monday,25
CFA,15:15,Monday,68
Capen,15:15,Monday,109
Cfa,15:15,Monday,43
Clemen,15:15,Monday,289
Cooke,15:15,Monday,159
Davis,15:15,Monday,51
Frnczk,15:15,Monday,35
Furnas,15:15,Monday,41
Grein,15:15,Monday,18
Hoch,15:15,Monday,72
Jacobs,15:15,Monday,50
Jarvis,15:15,Monday,10
Ketter,15:15,Monday,6
Knox,15:15,Monday,501
Math,15:15,Monday,30
Norton,15:15,Monday,344
Nsc,15:15,Monday,964
Obrian,15:15,Monday,190
Park,15:15,Monday,98
Talbrt,15:15,Monday,142
Ubcmns,15:15,Monday,13
Wilkeson,15:15,Monday,37
Academ,15:15,Thursday,33
Alfier,15:15,Thursday,14
Alumni,15:15,Thursday,135
Baird,15:15,Thursday,3
Baldy,15:15,Thursday,169
Bell,15:15,Thursday,28
CFA,15:15,Thursday,64
Capen,15:15,Thursday,5
Cfa,15:15,Thursday,142
Clemen,15:15,Thursday,9
Cooke,15:15,Thursday,44
Frnczk,15:15,Thursday,25
Furnas,15:15,Thursday,23
Hoch,15:15,Thursday,71
Math,15:15,Thursday,25
Nsc,15:15,Thursday,323
Obrian,15:15,Thursday,80
Park,15:15,Thursday,32
Spaulding,15:15,Thursday,23
Wilkeson,15:15,Thursday,25
Academ,15:15,Tuesday,75
Alfier,15:15,Tuesday,19
Alumni,15:15,Tuesday,134
Baldy,15:15,Tuesday,198
Bell,15:15,Tuesday,28
CFA,15:15,Tuesday,70
Capen,15:15,Tuesday,20
Cfa,15:15,Tuesday,142
Clemen,15:15,Tuesday,46
Cooke,15:15,Tuesday,44
Frnczk,15:15,Tuesday,27
Furnas,15:15,Tuesday,51
Hoch,15:15,Tuesday,95
Jacobs,15:15,Tuesday,26
Jarvis,15:15,Tuesday,10
Math,15:15,Tuesday,25
Nsc,15:15,Tuesday,310
Obrian,15:15,Tuesday,77
Park,15:15,Tuesday,65
Spaulding,15:15,Tuesday,24
Wilkeson,15:15,Tuesday,25
Academ,15:15,Wednesday,69
Alfier,15:15,Wednesday,35
Alumni,15:15,Wednesday,155
Baird,15:15,Wednesday,9
Baldy,15:15,Wednesday,207
Bell,15:15,Wednesday,67
CFA,15:15,Wednesday,73
Capen,15:15,Wednesday,73
Cfa,15:15,Wednesday,43
Clemen,15:15,Wednesday,355
Cooke,15:15,Wednesday,190
Davis,15:15,Wednesday,51
Frnczk,15:15,Wednesday,68
Furnas,15:15,Wednesday,82
Hoch,15:15,Wednesday,209
Jacobs,15:15,Wednesday,47
Jarvis,15:15,Wednesday,22
Ketter,15:15,Wednesday,6
Knox,15:15,Wednesday,540
Math,15:15,Wednesday,60
Norton,15:15,Wednesday,327
Nsc,15:15,Wednesday,1004
Obrian,15:15,Wednesday,266
Park,15:15,Wednesday,141
Spaulding,15:15,Wednesday,30
Talbrt,15:15,Wednesday,125
Wilkeson,15:15,Wednesday,39
Academ,15:30,Monday,101
Alfier,15:30,Monday,104
Alumni,15:30,Monday,148
Baird,15:30,Monday,1
Baldy,15:30,Monday,259
Bell,15:30,Monday,57
Bonner,15:30,Monday,25
CFA,15:30,Monday,83
Capen,15:30,Monday,109
Cfa,15:30,Monday,52
Clemen,15:30,Monday,307
Cooke,15:30,Monday,159
Davis,15:30,Monday,51
Frnczk,15:30,Monday,129
Furnas,15:30,Monday,41
Grein,15:30,Monday,18
Hoch,15:30,Monday,72
Jacobs,15:30,Monday,184
Jarvis,15:30,Monday,10
Ketter,15:30,Monday,6
Knox,15:30,Monday,585
Math,15:30,Monday,30
Norton,15:30,Monday,344
Nsc,15:30,Monday,1120
Obrian,15:30,Monday,322
Park,15:30,Monday,102
Talbrt,15:30,Monday,160
Ubcmns,15:30,Monday,13
Wilkeson,15:30,Monday,37
Academ,15:30,Thursday,138
Alfier,15:30,Thursday,76
Alumni,15:30,Thursday,157
Baldy,15:30,Thursday,259
Bell,15:30,Thursday,43
CFA,15:30,Thursday,64
Capen,15:30,Thursday,91
Cfa,15:30,Thursday,142
Clemen,15:30,Thursday,316
Cooke,15:30,Thursday,237
Frnczk,15:30,Thursday,67
Furnas,15:30,Thursday,105
Hoch,15:30,Thursday,177
Jacobs,15:30,Thursday,233
Knox,15:30,Thursday,356
Math,15:30,Thursday,36
Norton,15:30,Thursday,34
Nsc,15:30,Thursday,1098
Obrian,15:30,Thursday,271
Park,15:30,Thursday,114
Spaulding,15:30,Thursday,23
Talbrt,15:30,Thursday,233
Wilkeson,15:30,Thursday,31
Academ,15:30,Tuesday,188
Alfier,15:30,Tuesday,81
Alumni,15:30,Tuesday,156
Baldy,15:30,Tuesday,298
Bell,15:30,Tuesday,63
CFA,15:30,Tuesday,70
Capen,15:30,Tuesday,85
Cfa,15:30,Tuesday,142
Clemen,15:30,Tuesday,388
Cooke,15:30,Tuesday,218
Frnczk,15:30,Tuesday,69
Furnas,15:30,Tuesday,120
Hoch,15:30,Tuesday,201
Jacobs,15:30,Tuesday,209
Jarvis,15:30,Tuesday,10
Knox,15:30,Tuesday,356
Math,15:30,Tuesday,36
Norton,15:30,Tuesday,84
Nsc,15:30,Tuesday,1085
Obrian,15:30,Tuesday,295
Park,15:30,Tuesday,150
Spaulding,15:30,Tuesday,24
Talbrt,15:30,Tuesday,233
Wilkeson,15:30,Tuesday,31
Academ,15:30,Wednesday,72
Alfier,15:30,Wednesday,104
Alumni,15:30,Wednesday,155
Baldy,15:30,Wednesday,204
Bell,15:30,Wednesday,67
CFA,15:30,Wednesday,73
Capen,15:30,Wednesday,73
Cfa,15:30,Wednesday,52
Clemen,15:30,Wednesday,369
Cooke,15:30,Wednesday,190
Davis,15:30,Wednesday,51
Frnczk,15:30,Wednesday,133
Furnas,15:30,Wednesday,82
Hoch,15:30,Wednesday,198
Jacobs,15:30,Wednesday,181
Jarvis,15:30,Wednesday,22
Ketter,15:30,Wednesday,6
Knox,15:30,Wednesday,624
Math,15:30,Wednesday,60
Norton,15:30,Wednesday,327
Nsc,15:30,Wednesday,1160
Obrian,15:30,Wednesday,259
Park,15:30,Wednesday,145
Spaulding,15:30,Wednesday,30
Talbrt,15:30,Wednesday,143
Wilkeson,15:30,Wednesday,39
Academ,15:45,Monday,101
Alfier,15:45,Monday,104
Alumni,15:45,Monday,102
Baird,15:45,Monday,1
Baldy,15:45,Monday,36
Bell,15:45,Monday,19
CFA,15:45,Monday,83
Cfa,15:45,Monday,9
Clemen,15:45,Monday,43
Cooke,15:45,Monday,50
Frnczk,15:45,Monday,94
Furnas,15:45,Monday,24
Grein,15:45,Monday,18
Hoch,15:45,Monday,72
Jacobs,15:45,Monday,134
Jarvis,15:45,Monday,10
Ketter,15:45,Monday,6
Knox,15:45,Monday,84
Nsc,15:45,Monday,403
Obrian,15:45,Monday,165
Park,15:45,Monday,32
Talbrt,15:45,Monday,18
Ubcmns,15:45,Monday,13
Wilkeson,15:45,Monday,37
Academ,15:45,Thursday,138
Alfier,15:45,Thursday,76
Alumni,15:45,Thursday,126
Baldy,15:45,Thursday,105
Bell,15:45,Thursday,43
CFA,15:45,Thursday,64
Capen,15:45,Thursday,86
Clemen,15:45,Thursday,307
Cooke,15:45,Thursday,237
Frnczk,15:45,Thursday,67
Furnas,15:45,Thursday,105
Hoch,15:45,Thursday,152
Jacobs,15:45,Thursday,237
Knox,15:45,Thursday,356
Math,15:45,Thursday,11
Norton,15:45,Thursday,34
Nsc,15:45,Thursday,1161
Obrian,15:45,Thursday,271
Park,15:45,Thursday,109
Spaulding,15:45,Thursday,23
Talbrt,15:45,Thursday,233
Wilkeson,15:45,Thursday,29
Academ,15:45,Tuesday,188
Alfier,15:45,Tuesday,81
Alumni,15:45,Tuesday,125
Baldy,15:45,Tuesday,117
Bell,15:45,Tuesday,63
CFA,15:45,Tuesday,70
Capen,15:45,Tuesday,85
Clemen,15:45,Tuesday,358
Cooke,15:45,Tuesday,218
Frnczk,15:45,Tuesday,69
Furnas,15:45,Tuesday,107
Hoch,15:45,Tuesday,154
Jacobs,15:45,Tuesday,183
Jarvis,15:45,Tuesday,10
Knox,15:45,Tuesday,356
Math,15:45,Tuesday,11
Norton,15:45,Tuesday,84
Nsc,15:45,Tuesday,1085
Obrian,15:45,Tuesday,295
Park,15:45,Tuesday,135
Spaulding,15:45,Tuesday,24
Talbrt,15:45,Tuesday,233
Wilkeson,15:45,Tuesday,6
Academ,15:45,Wednesday,72
Alfier,15:45,Wednesday,104
Alumni,15:45,Wednesday,85
Baldy,15:45,Wednesday,91
Bell,15:45,Wednesday,53
CFA,15:45,Wednesday,73
Cfa,15:45,Wednesday,9
Clemen,15:45,Wednesday,45
Cooke,15:45,Wednesday,44
Frnczk,15:45,Wednesday,86
Furnas,15:45,Wednesday,61
Hoch,15:45,Wednesday,183
Jacobs,15:45,Wednesday,134
Ketter,15:45,Wednesday,6
Knox,15:45,Wednesday,84
Norton,15:45,Wednesday,12
Nsc,15:45,Wednesday,443
Obrian,15:45,Wednesday,162
Park,15:45,Wednesday,23
Spaulding,15:45,Wednesday,30
Talbrt,15:45,Wednesday,18
Wilkeson,15:45,Wednesday,39
Academ,16:00,Monday,104
Alfier,16:00,Monday,125
Alumni,16:00,Monday,144
Baird,16:00,Monday,30
Baldy,16:00,Monday,195
Bell,16:00,Monday,13
Bonner,16:00,Monday,14
CFA,16:00,Monday,83
Capen,16:00,Monday,66
Cfa,16:00,Monday,95
Clemen,16:00,Monday,121
Cooke,16:00,Monday,282
Davis,16:00,Monday,23
Frnczk,16:00,Monday,166
Furnas,16:00,Monday,24
Grein,16:00,Monday,18
Hoch,16:00,Monday,96
Jacobs,16:00,Monday,190
Jarvis,16:00,Monday,10
Ketter,16:00,Monday,6
Knox,16:00,Monday,305
Norton,16:00,Monday,167
Nsc,16:00,Monday,856
Obrian,16:00,Monday,190
Park,16:00,Monday,73
Slee,16:00,Monday,8
Talbrt,16:00,Monday,51
Ubcmns,16:00,Monday,13
Wilkeson,16:00,Monday,37
Academ,16:00,Thursday,138
Alfier,16:00,Thursday,76
Alumni,16:00,Thursday,179
Baldy,16:00,Thursday,201
Bell,16:00,Thursday,43
CFA,16:00,Thursday,64
Capen,16:00,Thursday,135
Cfa,16:00,Thursday,62
Clemen,16:00,Thursday,312
Cooke,16:00,Thursday,272
Davis,16:00,Thursday,10
Frnczk,16:00,Thursday,114
Furnas,16:00,Thursday,105
Hoch,16:00,Thursday,128
Jacobs,16:00,Thursday,258
Ketter,16:00,Thursday,6
Knox,16:00,Thursday,388
Math,16:00,Thursday,21
Norton,16:00,Thursday,69
Nsc,16:00,Thursday,1161
Obrian,16:00,Thursday,271
Park,16:00,Thursday,92
Spaulding,16:00,Thursday,23
Talbrt,16:00,Thursday,233
Wilkeson,16:00,Thursday,29
Academ,16:00,Tuesday,188
Alfier,16:00,Tuesday,81
Alumni,16:00,Tuesday,178
Baird,16:00,Tuesday,12
Baldy,16:00,Tuesday,209
Bell,16:00,Tuesday,63
CFA,16:00,Tuesday,70
Capen,16:00,Tuesday,100
Cfa,16:00,Tuesday,58
Clemen,16:00,Tuesday,358
Cooke,16:00,Tuesday,253
Frnczk,16:00,Tuesday,183
Furnas,16:00,Tuesday,107
Hoch,16:00,Tuesday,154
Jacobs,16:00,Tuesday,204
Jarvis,16:00,Tuesday,10
Knox,16:00,Tuesday,388
Math,16:00,Tuesday,11
Norton,16:00,Tuesday,84
Nsc,16:00,Tuesday,1130
Obrian,16:00,Tuesday,284
Park,16:00,Tuesday,118
Spaulding,16:00,Tuesday,24
Talbrt,16:00,Tuesday,233
Wilkeson,16:00,Tuesday,6
Academ,16:00,Wednesday,75
Alfier,16:00,Wednesday,134
Alumni,16:00,Wednesday,127
Baird,16:00,Wednesday,39
Baldy,16:00,Wednesday,289
Bell,16:00,Wednesday,34
CFA,16:00,Wednesday,73
Capen,16:00,Wednesday,112
Cfa,16:00,Wednesday,67
Clemen,16:00,Wednesday,148
Cooke,16:00,Wednesday,321
Davis,16:00,Wednesday,23
Frnczk,16:00,Wednesday,165
Furnas,16:00,Wednesday,61
Hoch,16:00,Wednesday,207
Jacobs,16:00,Wednesday,214
Ketter,16:00,Wednesday,6
Knox,16:00,Wednesday,295
Norton,16:00,Wednesday,149
Nsc,16:00,Wednesday,864
Obrian,16:00,Wednesday,293
Park,16:00,Wednesday,51
Spaulding,16:00,Wednesday,30
Talbrt,16:00,Wednesday,32
Ubcmns,16:00,Wednesday,11
Wilkeson,16:00,Wednesday,39
Academ,16:15,Monday,70
Alfier,16:15,Monday,125
Alumni,16:15,Monday,59
Baird,16:15,Monday,30
Baldy,16:15,Monday,226
Bell,16:15,Monday,24
Bonner,16:15,Monday,14
CFA,16:15,Monday,83
Capen,16:15,Monday,93
Cfa,16:15,Monday,95
Clemen,16:15,Monday,106
Cooke,16:15,Monday,304
Davis,16:15,Monday,23
Frnczk,16:15,Monday,166
Grein,16:15,Monday,18
Hoch,16:15,Monday,72
Jacobs,16:15,Monday,190
Jarvis,16:15,Monday,10
Knox,16:15,Monday,305
Norton,16:15,Monday,205
Nsc,16:15,Monday,856
Obrian,16:15,Monday,199
Park,16:15,Monday,78
Slee,16:15,Monday,8
Talbrt,16:15,Monday,92
Ubcmns,16:15,Monday,13
Academ,16:15,Thursday,105
Alfier,16:15,Thursday,62
Alumni,16:15,Thursday,75
Baldy,16:15,Thursday,353
Bell,16:15,Thursday,69
CFA,16:15,Thursday,64
Capen,16:15,Thursday,138
Cfa,16:15,Thursday,97
Clemen,16:15,Thursday,256
Cooke,16:15,Thursday,215
Davis,16:15,Thursday,10
Frnczk,16:15,Thursday,114
Furnas,16:15,Thursday,87
Hoch,16:15,Thursday,128
Jacobs,16:15,Thursday,258
Ketter,16:15,Thursday,6
Knox,16:15,Thursday,388
Math,16:15,Thursday,10
Norton,16:15,Thursday,106
Nsc,16:15,Thursday,1147
Obrian,16:15,Thursday,276
Park,16:15,Thursday,80
Spaulding,16:15,Thursday,23
Talbrt,16:15,Thursday,211
Wilkeson,16:15,Thursday,29
Academ,16:15,Tuesday,155
Alfier,16:15,Tuesday,62
Alumni,16:15,Tuesday,75
Baird,16:15,Tuesday,12
Baldy,16:15,Tuesday,334
Bell,16:15,Tuesday,34
CFA,16:15,Tuesday,70
Capen,16:15,Tuesday,153
Cfa,16:15,Tuesday,58
Clemen,16:15,Tuesday,377
Cooke,16:15,Tuesday,207
Frnczk,16:15,Tuesday,183
Furnas,16:15,Tuesday,77
Grein,16:15,Tuesday,18
Hoch,16:15,Tuesday,203
Jacobs,16:15,Tuesday,204
Jarvis,16:15,Tuesday,10
Knox,16:15,Tuesday,388
Norton,16:15,Tuesday,93
Nsc,16:15,Tuesday,1116
Obrian,16:15,Tuesday,306
Park,16:15,Tuesday,132
Spaulding,16:15,Tuesday,24
Talbrt,16:15,Tuesday,211
Wilkeson,16:15,Tuesday,6
Academ,16:15,Wednesday,6
Alfier,16:15,Wednesday,134
Alumni,16:15,Wednesday,42
Baird,16:15,Wednesday,39
Baldy,16:15,Wednesday,302
Bell,16:15,Wednesday,34
CFA,16:15,Wednesday,73
Capen,16:15,Wednesday,152
Cfa,16:15,Wednesday,67
Clemen,16:15,Wednesday,159
Cooke,16:15,Wednesday,321
Davis,16:15,Wednesday,23
Frnczk,16:15,Wednesday,165
Furnas,16:15,Wednesday,61
Hoch,16:15,Wednesday,183
Jacobs,16:15,Wednesday,214
Knox,16:15,Wednesday,295
Norton,16:15,Wednesday,149
Nsc,16:15,Wednesday,864
Obrian,16:15,Wednesday,293
Park,16:15,Wednesday,89
Spaulding,16:15,Wednesday,30
Talbrt,16:15,Wednesday,73
Ubcmns,16:15,Wednesday,11
Wilkeson,16:15,Wednesday,25
Academ,16:30,Monday,70
Alfier,16:30,Monday,125
Alumni,16:30,Monday,59
Baird,16:30,Monday,30
Baldy,16:30,Monday,226
Bell,16:30,Monday,24
Bonner,16:30,Monday,14
CFA,16:30,Monday,83
Capen,16:30,Monday,93
Cfa,16:30,Monday,95
Clemen,16:30,Monday,106
Cooke,16:30,Monday,280
Davis,16:30,Monday,23
Frnczk,16:30,Monday,166
Grein,16:30,Monday,18
Hoch,16:30,Monday,72
Jacobs,16:30,Monday,190
Jarvis,16:30,Monday,10
Knox,16:30,Monday,305
Norton,16:30,Monday,205
Nsc,16:30,Monday,916
Obrian,16:30,Monday,192
Park,16:30,Monday,78
Slee,16:30,Monday,8
Talbrt,16:30,Monday,92
Ubcmns,16:30,Monday,13
Wilkeson,16:30,Monday,8
Academ,16:30,Thursday,105
Alfier,16:30,Thursday,62
Alumni,16:30,Thursday,75
Baldy,16:30,Thursday,353
Bell,16:30,Thursday,69
CFA,16:30,Thursday,64
Capen,16:30,Thursday,138
Cfa,16:30,Thursday,97
Clemen,16:30,Thursday,256
Cooke,16:30,Thursday,215
Davis,16:30,Thursday,10
Frnczk,16:30,Thursday,114
Furnas,16:30,Thursday,87
Hoch,16:30,Thursday,128
Jacobs,16:30,Thursday,262
Ketter,16:30,Thursday,6
Knox,16:30,Thursday,388
Math,16:30,Thursday,10
Norton,16:30,Thursday,106
Nsc,16:30,Thursday,1147
Obrian,16:30,Thursday,181
Park,16:30,Thursday,80
Slee,16:30,Thursday,42
Spaulding,16:30,Thursday,23
Talbrt,16:30,Thursday,211
Wilkeson,16:30,Thursday,29
Academ,16:30,Tuesday,155
Alfier,16:30,Tuesday,62
Alumni,16:30,Tuesday,75
Baird,16:30,Tuesday,12
Baldy,16:30,Tuesday,334
Bell,16:30,Tuesday,34
CFA,16:30,Tuesday,70
Capen,16:30,Tuesday,153
Cfa,16:30,Tuesday,58
Clemen,16:30,Tuesday,377
Cooke,16:30,Tuesday,207
Frnczk,16:30,Tuesday,183
Furnas,16:30,Tuesday,77
Grein,16:30,Tuesday,18
Hoch,16:30,Tuesday,203
Jacobs,16:30,Tuesday,204
Jarvis,16:30,Tuesday,10
Knox,16:30,Tuesday,388
Norton,16:30,Tuesday,93
Nsc,16:30,Tuesday,1116
Obrian,16:30,Tuesday,184
Park,16:30,Tuesday,132
Slee,16:30,Tuesday,42
Spaulding,16:30,Tuesday,24
Talbrt,16:30,Tuesday,211
Wilkeson,16:30,Tuesday,6
Academ,16:30,Wednesday,12
Alfier,16:30,Wednesday,134
Alumni,16:30,Wednesday,42
Baird,16:30,Wednesday,39
Baldy,16:30,Wednesday,318
Bell,16:30,Wednesday,34
CFA,16:30,Wednesday,73
Capen,16:30,Wednesday,152
Cfa,16:30,Wednesday,67
Clemen,16:30,Wednesday,159
Cooke,16:30,Wednesday,321
Davis,16:30,Wednesday,23
Frnczk,16:30,Wednesday,165
Furnas,16:30,Wednesday,61
Hoch,16:30,Wednesday,183
Jacobs,16:30,Wednesday,214
Knox,16:30,Wednesday,295
Norton,16:30,Wednesday,149
Nsc,16:30,Wednesday,924
Obrian,16:30,Wednesday,286
Park,16:30,Wednesday,89
Spaulding,16:30,Wednesday,30
Talbrt,16:30,Wednesday,73
Ubcmns,16:30,Wednesday,11
Wilkeson,16:30,Wednesday,25
Academ,16:45,Monday,38
Alfier,16:45,Monday,21
Alumni,16:45,Monday,7
Baird,16:45,Monday,30
Baldy,16:45,Monday,90
Bell,16:45,Monday,11
CFA,16:45,Monday,83
Capen,16:45,Monday,27
Cfa,16:45,Monday,59
Clemen,16:45,Monday,25
Cooke,16:45,Monday,28
Frnczk,16:45,Monday,38
Hoch,16:45,Monday,48
Knox,16:45,Monday,30
Norton,16:45,Monday,127
Nsc,16:45,Monday,171
Obrian,16:45,Monday,35
Park,16:45,Monday,5
Slee,16:45,Monday,8
Talbrt,16:45,Monday,41
Wilkeson,16:45,Monday,8
Academ,16:45,Tuesday,8
Baird,16:45,Tuesday,12
Baldy,16:45,Tuesday,225
Bell,16:45,Tuesday,34
CFA,16:45,Tuesday,70
Capen,16:45,Tuesday,53
Cfa,16:45,Tuesday,58
Clemen,16:45,Tuesday,82
Cooke,16:45,Tuesday,35
Frnczk,16:45,Tuesday,13
Furnas,16:45,Tuesday,22
Grein,16:45,Tuesday,18
Hoch,16:45,Tuesday,73
Jacobs,16:45,Tuesday,21
Knox,16:45,Tuesday,32
Norton,16:45,Tuesday,59
Obrian,16:45,Tuesday,31
Park,16:45,Tuesday,39
Slee,16:45,Tuesday,42
Academ,16:45,Wednesday,12
Alumni,16:45,Wednesday,7
Baird,16:45,Wednesday,39
Baldy,16:45,Wednesday,123
Bell,16:45,Wednesday,19
CFA,16:45,Wednesday,68
Capen,16:45,Wednesday,40
Cfa,16:45,Wednesday,58
Clemen,16:45,Wednesday,53
Cooke,16:45,Wednesday,10
Frnczk,16:45,Wednesday,58
Furnas,16:45,Wednesday,23
Hoch,16:45,Wednesday,48
Norton,16:45,Wednesday,91
Nsc,16:45,Wednesday,171
Obrian,16:45,Wednesday,75
Park,16:45,Wednesday,75
Talbrt,16:45,Wednesday,41
Ubcmns,16:45,Wednesday,11
Academ,17:00,Monday,127
Alfier,17:00,Monday,21
Alumni,17:00,Monday,7
Baird,17:00,Monday,1
Baldy,17:00,Monday,147
Bell,17:00,Monday,28
CFA,17:00,Monday,83
Capen,17:00,Monday,122
Cfa,17:00,Monday,59
Clemen,17:00,Monday,37
Cooke,17:00,Monday,100
Davis,17:00,Monday,20
Frnczk,17:00,Monday,188
Furnas,17:00,Monday,8
Hoch,17:00,Monday,48
Jacobs,17:00,Monday,216
Ketter,17:00,Monday,4
Knox,17:00,Monday,155
Norton,17:00,Monday,156
Nsc,17:00,Monday,291
Obrian,17:00,Monday,169
Park,17:00,Monday,55
Slee,17:00,Monday,8
Talbrt,17:00,Monday,113
Wilkeson,17:00,Monday,8
Academ,17:00,Thursday,32
Alfier,17:00,Thursday,35
Alumni,17:00,Thursday,26
Baldy,17:00,Thursday,333
Bell,17:00,Thursday,87
CFA,17:00,Thursday,64
Capen,17:00,Thursday,92
Cfa,17:00,Thursday,97
Clemen,17:00,Thursday,62
Cooke,17:00,Thursday,98
Davis,17:00,Thursday,43
Frnczk,17:00,Thursday,71
Furnas,17:00,Thursday,67
Hayes,17:00,Thursday,14
Hoch,17:00,Thursday,88
Jacobs,17:00,Thursday,176
Ketter,17:00,Thursday,6
Knox,17:00,Thursday,357
Math,17:00,Thursday,14
Norton,17:00,Thursday,99
Nsc,17:00,Thursday,533
Obrian,17:00,Thursday,29
Park,17:00,Thursday,106
Slee,17:00,Thursday,42
Spaulding,17:00,Thursday,16
Talbrt,17:00,Thursday,129
Academ,17:00,Tuesday,40
Alfier,17:00,Tuesday,35
Alumni,17:00,Tuesday,12
Baird,17:00,Tuesday,12
Baldy,17:00,Tuesday,328
Bell,17:00,Tuesday,67
CFA,17:00,Tuesday,70
Capen,17:00,Tuesday,135
Cfa,17:00,Tuesday,80
Clemen,17:00,Tuesday,175
Cooke,17:00,Tuesday,99
Davis,17:00,Tuesday,43
Frnczk,17:00,Tuesday,78
Furnas,17:00,Tuesday,47
Grein,17:00,Tuesday,18
Hayes,17:00,Tuesday,14
Hoch,17:00,Tuesday,172
Jacobs,17:00,Tuesday,118
Jarvis,17:00,Tuesday,21
Knox,17:00,Tuesday,378
Math,17:00,Tuesday,23
Norton,17:00,Tuesday,72
Nsc,17:00,Tuesday,533
Obrian,17:00,Tuesday,96
Park,17:00,Tuesday,83
Slee,17:00,Tuesday,42
Talbrt,17:00,Tuesday,137
Academ,17:00,Wednesday,12
Alfier,17:00,Wednesday,25
Alumni,17:00,Wednesday,7
Baird,17:00,Wednesday,10
Baldy,17:00,Wednesday,193
CFA,17:00,Wednesday,68
Capen,17:00,Wednesday,165
Cfa,17:00,Wednesday,58
Clemen,17:00,Wednesday,128
Cooke,17:00,Wednesday,81
Davis,17:00,Wednesday,15
Frnczk,17:00,Wednesday,117
Furnas,17:00,Wednesday,71
Hoch,17:00,Wednesday,48
Jacobs,17:00,Wednesday,252
Ketter,17:00,Wednesday,9
Knox,17:00,Wednesday,125
Norton,17:00,Wednesday,206
Nsc,17:00,Wednesday,291
Obrian,17:00,Wednesday,141
Park,17:00,Wednesday,85
Talbrt,17:00,Wednesday,83
Ubcmns,17:00,Wednesday,11
Wilkeson,17:00,Wednesday,13
Academ,17:15,Monday,124
Alfier,17:15,Monday,21
Baird,17:15,Monday,1
Baldy,17:15,Monday,135
Bell,17:15,Monday,28
CFA,17:15,Monday,83
Capen,17:15,Monday,122
Cfa,17:15,Monday,59
Clemen,17:15,Monday,26
Cooke,17:15,Monday,120
Davis,17:15,Monday,20
Frnczk,17:15,Monday,188
Furnas,17:15,Monday,8
Hoch,17:15,Monday,48
Jacobs,17:15,Monday,216
Ketter,17:15,Monday,4
Knox,17:15,Monday,155
Norton,17:15,Monday,77
Nsc,17:15,Monday,180
Obrian,17:15,Monday,144
Park,17:15,Monday,55
Slee,17:15,Monday,8
Talbrt,17:15,Monday,113
Wilkeson,17:15,Monday,8
Academ,17:15,Thursday,32
Alfier,17:15,Thursday,35
Alumni,17:15,Thursday,26
Baldy,17:15,Thursday,269
Bell,17:15,Thursday,87
CFA,17:15,Thursday,64
Capen,17:15,Thursday,92
Cfa,17:15,Thursday,97
Clemen,17:15,Thursday,62
Cooke,17:15,Thursday,122
Davis,17:15,Thursday,43
Frnczk,17:15,Thursday,71
Furnas,17:15,Thursday,67
Hayes,17:15,Thursday,14
Hoch,17:15,Thursday,88
Jacobs,17:15,Thursday,155
Ketter,17:15,Thursday,6
Knox,17:15,Thursday,325
Math,17:15,Thursday,14
Norton,17:15,Thursday,99
Nsc,17:15,Thursday,533
Obrian,17:15,Thursday,29
Park,17:15,Thursday,106
Slee,17:15,Thursday,42
Spaulding,17:15,Thursday,16
Talbrt,17:15,Thursday,129
Academ,17:15,Tuesday,40
Alfier,17:15,Tuesday,35
Alumni,17:15,Tuesday,12
Baird,17:15,Tuesday,12
Baldy,17:15,Tuesday,264
Bell,17:15,Tuesday,67
CFA,17:15,Tuesday,70
Capen,17:15,Tuesday,135
Cfa,17:15,Tuesday,80
Clemen,17:15,Tuesday,175
Cooke,17:15,Tuesday,123
Davis,17:15,Tuesday,43
Frnczk,17:15,Tuesday,78
Furnas,17:15,Tuesday,47
Grein,17:15,Tuesday,18
Hayes,17:15,Tuesday,14
Hoch,17:15,Tuesday,172
Jacobs,17:15,Tuesday,97
Jarvis,17:15,Tuesday,21
Knox,17:15,Tuesday,346
Math,17:15,Tuesday,23
Norton,17:15,Tuesday,72
Nsc,17:15,Tuesday,533
Obrian,17:15,Tuesday,96
Park,17:15,Tuesday,83
Slee,17:15,Tuesday,42
Talbrt,17:15,Tuesday,137
Academ,17:15,Wednesday,9
Alfier,17:15,Wednesday,25
Baird,17:15,Wednesday,10
Baldy,17:15,Wednesday,181
CFA,17:15,Wednesday,68
Capen,17:15,Wednesday,165
Cfa,17:15,Wednesday,58
Clemen,17:15,Wednesday,117
Cooke,17:15,Wednesday,125
Davis,17:15,Wednesday,15
Frnczk,17:15,Wednesday,117
Furnas,17:15,Wednesday,48
Hoch,17:15,Wednesday,48
Jacobs,17:15,Wednesday,252
Ketter,17:15,Wednesday,9
Knox,17:15,Wednesday,125
Norton,17:15,Wednesday,127
Nsc,17:15,Wednesday,180
Obrian,17:15,Wednesday,116
Park,17:15,Wednesday,85
Talbrt,17:15,Wednesday,83
Ubcmns,17:15,Wednesday,11
Wilkeson,17:15,Wednesday,13
Academ,17:30,Monday,124
Alfier,17:30,Monday,21
Baird,17:30,Monday,1
Baldy,17:30,Monday,135
Bell,17:30,Monday,28
CFA,17:30,Monday,83
Capen,17:30,Monday,122
Cfa,17:30,Monday,59
Clemen,17:30,Monday,26
Cooke,17:30,Monday,120
Davis,17:30,Monday,20
Frnczk,17:30,Monday,188
Furnas,17:30,Monday,8
Hoch,17:30,Monday,48
Jacobs,17:30,Monday,266
Ketter,17:30,Monday,4
Knox,17:30,Monday,155
Norton,17:30,Monday,77
Nsc,17:30,Monday,180
Obrian,17:30,Monday,159
Park,17:30,Monday,55
Talbrt,17:30,Monday,113
Wilkeson,17:30,Monday,8
Academ,17:30,Thursday,32
Alfier,17:30,Thursday,35
Alumni,17:30,Thursday,26
Baldy,17:30,Thursday,294
Bell,17:30,Thursday,87
CFA,17:30,Thursday,64
Capen,17:30,Thursday,92
Cfa,17:30,Thursday,97
Clemen,17:30,Thursday,62
Cooke,17:30,Thursday,170
Davis,17:30,Thursday,43
Frnczk,17:30,Thursday,71
Furnas,17:30,Thursday,67
Hayes,17:30,Thursday,14
Hoch,17:30,Thursday,88
Jacobs,17:30,Thursday,186
Ketter,17:30,Thursday,6
Knox,17:30,Thursday,452
Math,17:30,Thursday,14
Norton,17:30,Thursday,99
Nsc,17:30,Thursday,533
Obrian,17:30,Thursday,50
Park,17:30,Thursday,106
Slee,17:30,Thursday,42
Spaulding,17:30,Thursday,16
Talbrt,17:30,Thursday,129
Academ,17:30,Tuesday,40
Alfier,17:30,Tuesday,35
Alumni,17:30,Tuesday,32
Baird,17:30,Tuesday,12
Baldy,17:30,Tuesday,289
Bell,17:30,Tuesday,67
CFA,17:30,Tuesday,76
Capen,17:30,Tuesday,135
Cfa,17:30,Tuesday,80
Clemen,17:30,Tuesday,175
Cooke,17:30,Tuesday,123
Davis,17:30,Tuesday,43
Frnczk,17:30,Tuesday,78
Furnas,17:30,Tuesday,47
Grein,17:30,Tuesday,18
Hayes,17:30,Tuesday,14
Hoch,17:30,Tuesday,172
Jacobs,17:30,Tuesday,128
Jarvis,17:30,Tuesday,21
Knox,17:30,Tuesday,473
Math,17:30,Tuesday,23
Norton,17:30,Tuesday,72
Nsc,17:30,Tuesday,612
Obrian,17:30,Tuesday,101
Park,17:30,Tuesday,83
Slee,17:30,Tuesday,42
Talbrt,17:30,Tuesday,137
Academ,17:30,Wednesday,9
Alfier,17:30,Wednesday,25
Alumni,17:30,Wednesday,22
Baird,17:30,Wednesday,10
Baldy,17:30,Wednesday,181
CFA,17:30,Wednesday,68
Capen,17:30,Wednesday,165
Cfa,17:30,Wednesday,58
Clemen,17:30,Wednesday,117
Cooke,17:30,Wednesday,125
Davis,17:30,Wednesday,15
Frnczk,17:30,Wednesday,117
Furnas,17:30,Wednesday,48
Hoch,17:30,Wednesday,48
Jacobs,17:30,Wednesday,252
Ketter,17:30,Wednesday,9
Knox,17:30,Wednesday,125
Norton,17:30,Wednesday,127
Nsc,17:30,Wednesday,199
Obrian,17:30,Wednesday,139
Park,17:30,Wednesday,85
Talbrt,17:30,Wednesday,83
Ubcmns,17:30,Wednesday,11
Wilkeson,17:30,Wednesday,13
Academ,17:45,Monday,124
Alfier,17:45,Monday,21
Baldy,17:45,Monday,92
Bell,17:45,Monday,11
CFA,17:45,Monday,15
Capen,17:45,Monday,68
Cfa,17:45,Monday,21
Clemen,17:45,Monday,26
Cooke,17:45,Monday,66
Frnczk,17:45,Monday,38
Furnas,17:45,Monday,8
Hoch,17:45,Monday,48
Jacobs,17:45,Monday,240
Ketter,17:45,Monday,4
Knox,17:45,Monday,155
Norton,17:45,Monday,48
Nsc,17:45,Monday,120
Obrian,17:45,Monday,159
Park,17:45,Monday,15
Talbrt,17:45,Monday,59
Wilkeson,17:45,Monday,8
Academ,17:45,Thursday,32
Alfier,17:45,Thursday,35
Baldy,17:45,Thursday,219
Bell,17:45,Thursday,87
Capen,17:45,Thursday,35
Cfa,17:45,Thursday,47
Clemen,17:45,Thursday,62
Cooke,17:45,Thursday,112
Davis,17:45,Thursday,43
Frnczk,17:45,Thursday,63
Furnas,17:45,Thursday,17
Hayes,17:45,Thursday,14
Hoch,17:45,Thursday,88
Jacobs,17:45,Thursday,186
Ketter,17:45,Thursday,6
Knox,17:45,Thursday,452
Math,17:45,Thursday,14
Norton,17:45,Thursday,50
Nsc,17:45,Thursday,533
Obrian,17:45,Thursday,50
Park,17:45,Thursday,10
Slee,17:45,Thursday,42
Spaulding,17:45,Thursday,16
Talbrt,17:45,Thursday,38
Academ,17:45,Tuesday,40
Alfier,17:45,Tuesday,35
Alumni,17:45,Tuesday,20
Baird,17:45,Tuesday,12
Baldy,17:45,Tuesday,243
Bell,17:45,Tuesday,67
CFA,17:45,Tuesday,12
Capen,17:45,Tuesday,64
Cfa,17:45,Tuesday,30
Clemen,17:45,Tuesday,151
Cooke,17:45,Tuesday,64
Davis,17:45,Tuesday,43
Frnczk,17:45,Tuesday,15
Furnas,17:45,Tuesday,25
Grein,17:45,Tuesday,18
Hayes,17:45,Tuesday,14
Hoch,17:45,Tuesday,148
Jacobs,17:45,Tuesday,128
Jarvis,17:45,Tuesday,21
Knox,17:45,Tuesday,452
Math,17:45,Tuesday,14
Norton,17:45,Tuesday,72
Nsc,17:45,Tuesday,612
Obrian,17:45,Tuesday,101
Park,17:45,Tuesday,68
Slee,17:45,Tuesday,42
Talbrt,17:45,Tuesday,38
Academ,17:45,Wednesday,9
Alumni,17:45,Wednesday,22
Baird,17:45,Wednesday,10
Baldy,17:45,Wednesday,137
Capen,17:45,Wednesday,40
Cfa,17:45,Wednesday,20
Clemen,17:45,Wednesday,86
Cooke,17:45,Wednesday,54
Frnczk,17:45,Wednesday,40
Furnas,17:45,Wednesday,18
Hoch,17:45,Wednesday,48
Jacobs,17:45,Wednesday,190
Ketter,17:45,Wednesday,9
Knox,17:45,Wednesday,125
Norton,17:45,Wednesday,40
Nsc,17:45,Wednesday,139
Obrian,17:45,Wednesday,139
Park,17:45,Wednesday,85
Talbrt,17:45,Wednesday,53
Wilkeson,17:45,Wednesday,13
Academ,18:00,Monday,143
Alfier,18:00,Monday,21
Alumni,18:00,Monday,44
Baldy,18:00,Monday,118
Bell,18:00,Monday,11
CFA,18:00,Monday,54
Capen,18:00,Monday,97
Cfa,18:00,Monday,85
Clemen,18:00,Monday,44
Cooke,18:00,Monday,110
Davis,18:00,Monday,16
Frnczk,18:00,Monday,121
Furnas,18:00,Monday,27
Hoch,18:00,Monday,70
Jacobs,18:00,Monday,240
Ketter,18:00,Monday,4
Knox,18:00,Monday,155
Norton,18:00,Monday,351
Nsc,18:00,Monday,417
Obrian,18:00,Monday,234
Park,18:00,Monday,46
Talbrt,18:00,Monday,94
Wilkeson,18:00,Monday,8
Academ,18:00,Thursday,32
Alfier,18:00,Thursday,35
Alumni,18:00,Thursday,7
Baldy,18:00,Thursday,219
Bell,18:00,Thursday,86
Capen,18:00,Thursday,38
Cfa,18:00,Thursday,47
Clemen,18:00,Thursday,62
Cooke,18:00,Thursday,147
Davis,18:00,Thursday,43
Frnczk,18:00,Thursday,103
Furnas,18:00,Thursday,17
Hayes,18:00,Thursday,14
Hoch,18:00,Thursday,110
Jacobs,18:00,Thursday,186
Ketter,18:00,Thursday,6
Knox,18:00,Thursday,452
Math,18:00,Thursday,14
Norton,18:00,Thursday,50
Nsc,18:00,Thursday,667
Obrian,18:00,Thursday,165
Park,18:00,Thursday,10
Spaulding,18:00,Thursday,16
Talbrt,18:00,Thursday,72
Academ,18:00,Tuesday,53
Alfier,18:00,Tuesday,35
Alumni,18:00,Tuesday,71
Baird,18:00,Tuesday,26
Baldy,18:00,Tuesday,283
Bell,18:00,Tuesday,60
CFA,18:00,Tuesday,12
Capen,18:00,Tuesday,81
Cfa,18:00,Tuesday,30
Clemen,18:00,Tuesday,197
Cooke,18:00,Tuesday,99
Davis,18:00,Tuesday,43
Frnczk,18:00,Tuesday,72
Furnas,18:00,Tuesday,25
Grein,18:00,Tuesday,18
Hayes,18:00,Tuesday,14
Hoch,18:00,Tuesday,172
Jacobs,18:00,Tuesday,154
Jarvis,18:00,Tuesday,21
Knox,18:00,Tuesday,452
Math,18:00,Tuesday,14
Norton,18:00,Tuesday,72
Nsc,18:00,Tuesday,733
Obrian,18:00,Tuesday,251
Park,18:00,Tuesday,68
Talbrt,18:00,Tuesday,72
Academ,18:00,Wednesday,26
Alumni,18:00,Wednesday,76
Baird,18:00,Wednesday,10
Baldy,18:00,Wednesday,207
CFA,18:00,Wednesday,39
Capen,18:00,Wednesday,53
Cfa,18:00,Wednesday,20
Clemen,18:00,Wednesday,86
Cooke,18:00,Wednesday,98
Frnczk,18:00,Wednesday,91
Furnas,18:00,Wednesday,40
Hoch,18:00,Wednesday,72
Jacobs,18:00,Wednesday,264
Ketter,18:00,Wednesday,9
Knox,18:00,Wednesday,125
Norton,18:00,Wednesday,314
Nsc,18:00,Wednesday,371
Obrian,18:00,Wednesday,212
Park,18:00,Wednesday,126
Talbrt,18:00,Wednesday,88
Wilkeson,18:00,Wednesday,13
Academ,18:15,Monday,143
Alfier,18:15,Monday,21
Alumni,18:15,Monday,44
Arr,18:15,Monday,29
Baldy,18:15,Monday,87
Bell,18:15,Monday,11
CFA,18:15,Monday,54
Capen,18:15,Monday,97
Cfa,18:15,Monday,85
Clemen,18:15,Monday,28
Cooke,18:15,Monday,110
Davis,18:15,Monday,16
Frnczk,18:15,Monday,92
Furnas,18:15,Monday,27
Hoch,18:15,Monday,46
Ketter,18:15,Monday,4
Knox,18:15,Monday,30
Norton,18:15,Monday,351
Nsc,18:15,Monday,309
Obrian,18:15,Monday,199
Park,18:15,Monday,36
Talbrt,18:15,Monday,82
Wilkeson,18:15,Monday,8
Academ,18:15,Tuesday,13
Alumni,18:15,Tuesday,71
Baird,18:15,Tuesday,26
Baldy,18:15,Tuesday,238
Bell,18:15,Tuesday,27
CFA,18:15,Tuesday,12
Capen,18:15,Tuesday,70
Cfa,18:15,Tuesday,30
Clemen,18:15,Tuesday,143
Cooke,18:15,Tuesday,59
Frnczk,18:15,Tuesday,57
Furnas,18:15,Tuesday,25
Grein,18:15,Tuesday,18
Hoch,18:15,Tuesday,60
Jacobs,18:15,Tuesday,57
Knox,18:15,Tuesday,127
Norton,18:15,Tuesday,59
Nsc,18:15,Tuesday,124
Obrian,18:15,Tuesday,218
Park,18:15,Tuesday,43
Talbrt,18:15,Tuesday,34
Academ,18:15,Wednesday,23
Alumni,18:15,Wednesday,76
Arr,18:15,Wednesday,29
Baird,18:15,Wednesday,10
Baldy,18:15,Wednesday,195
CFA,18:15,Wednesday,39
Capen,18:15,Wednesday,53
Cfa,18:15,Wednesday,20
Clemen,18:15,Wednesday,36
Cooke,18:15,Wednesday,98
Frnczk,18:15,Wednesday,62
Furnas,18:15,Wednesday,40
Hoch,18:15,Wednesday,48
Jacobs,18:15,Wednesday,74
Ketter,18:15,Wednesday,9
Norton,18:15,Wednesday,314
Nsc,18:15,Wednesday,263
Obrian,18:15,Wednesday,177
Park,18:15,Wednesday,116
Talbrt,18:15,Wednesday,76
Academ,18:30,Monday,143
Alfier,18:30,Monday,111
Alumni,18:30,Monday,44
Arr,18:30,Monday,49
Baird,18:30,Monday,24
Baldy,18:30,Monday,105
Bell,18:30,Monday,11
CFA,18:30,Monday,54
Capen,18:30,Monday,97
Cfa,18:30,Monday,85
Clemen,18:30,Monday,109
Cooke,18:30,Monday,110
Davis,18:30,Monday,16
Frnczk,18:30,Monday,103
Furnas,18:30,Monday,27
Hoch,18:30,Monday,46
Jacobs,18:30,Monday,218
Ketter,18:30,Monday,4
Knox,18:30,Monday,98
Norton,18:30,Monday,357
Nsc,18:30,Monday,432
Obrian,18:30,Monday,199
Park,18:30,Monday,52
Talbrt,18:30,Monday,82
Wilkeson,18:30,Monday,8
Academ,18:30,Tuesday,13
Alfier,18:30,Tuesday,134
Alumni,18:30,Tuesday,71
Baird,18:30,Tuesday,26
Baldy,18:30,Tuesday,276
Bell,18:30,Tuesday,27
CFA,18:30,Tuesday,12
Capen,18:30,Tuesday,119
Cfa,18:30,Tuesday,30
Clemen,18:30,Tuesday,157
Cooke,18:30,Tuesday,117
Frnczk,18:30,Tuesday,72
Furnas,18:30,Tuesday,25
Grein,18:30,Tuesday,18
Hoch,18:30,Tuesday,60
Jacobs,18:30,Tuesday,195
Knox,18:30,Tuesday,127
Norton,18:30,Tuesday,224
Nsc,18:30,Tuesday,409
Obrian,18:30,Tuesday,218
Park,18:30,Tuesday,58
Slee,18:30,Tuesday,45
Talbrt,18:30,Tuesday,70
Wilkeson,18:30,Tuesday,19
Academ,18:30,Wednesday,23
Alfier,18:30,Wednesday,93
Alumni,18:30,Wednesday,76
Arr,18:30,Wednesday,50
Baird,18:30,Wednesday,76
Baldy,18:30,Wednesday,195
CFA,18:30,Wednesday,39
Capen,18:30,Wednesday,92
Cfa,18:30,Wednesday,20
Clemen,18:30,Wednesday,106
Cooke,18:30,Wednesday,88
Frnczk,18:30,Wednesday,62
Furnas,18:30,Wednesday,40
Hoch,18:30,Wednesday,48
Jacobs,18:30,Wednesday,237
Ketter,18:30,Wednesday,9
Knox,18:30,Wednesday,37
Norton,18:30,Wednesday,320
Nsc,18:30,Wednesday,386
Obrian,18:30,Wednesday,177
Park,18:30,Wednesday,119
Talbrt,18:30,Wednesday,76
Academ,18:45,Monday,108
Alfier,18:45,Monday,90
Alumni,18:45,Monday,44
Arr,18:45,Monday,49
Baird,18:45,Monday,24
Baldy,18:45,Monday,63
CFA,18:45,Monday,54
Capen,18:45,Monday,70
Cfa,18:45,Monday,85
Clemen,18:45,Monday,99
Cooke,18:45,Monday,88
Frnczk,18:45,Monday,11
Furnas,18:45,Monday,27
Hoch,18:45,Monday,22
Jacobs,18:45,Monday,218
Ketter,18:45,Monday,4
Knox,18:45,Monday,68
Norton,18:45,Monday,25
Nsc,18:45,Monday,293
Obrian,18:45,Monday,175
Park,18:45,Monday,34
Talbrt,18:45,Monday,41
Academ,18:45,Tuesday,13
Alfier,18:45,Tuesday,134
Alumni,18:45,Tuesday,20
Baird,18:45,Tuesday,26
Baldy,18:45,Tuesday,129
Bell,18:45,Tuesday,27
CFA,18:45,Tuesday,12
Capen,18:45,Tuesday,66
Cfa,18:45,Tuesday,30
Clemen,18:45,Tuesday,98
Cooke,18:45,Tuesday,117
Frnczk,18:45,Tuesday,66
Furnas,18:45,Tuesday,7
Hoch,18:45,Tuesday,35
Jacobs,18:45,Tuesday,138
Knox,18:45,Tuesday,127
Norton,18:45,Tuesday,165
Nsc,18:45,Tuesday,409
Obrian,18:45,Tuesday,196
Park,18:45,Tuesday,44
Slee,18:45,Tuesday,45
Talbrt,18:45,Tuesday,70
Wilkeson,18:45,Tuesday,19
Academ,18:45,Wednesday,23
Alfier,18:45,Wednesday,93
Alumni,18:45,Wednesday,32
Arr,18:45,Wednesday,50
Baird,18:45,Wednesday,66
Baldy,18:45,Wednesday,134
CFA,18:45,Wednesday,39
Capen,18:45,Wednesday,52
Cfa,18:45,Wednesday,18
Clemen,18:45,Wednesday,70
Cooke,18:45,Wednesday,88
Frnczk,18:45,Wednesday,21
Furnas,18:45,Wednesday,40
Hoch,18:45,Wednesday,24
Jacobs,18:45,Wednesday,163
Ketter,18:45,Wednesday,9
Knox,18:45,Wednesday,37
Norton,18:45,Wednesday,78
Nsc,18:45,Wednesday,247
Obrian,18:45,Wednesday,162
Park,18:45,Wednesday,15
Talbrt,18:45,Wednesday,35
Academ,19:00,Monday,108
Alfier,19:00,Monday,90
Alumni,19:00,Monday,44
Arr,19:00,Monday,49
Baird,19:00,Monday,24
Baldy,19:00,Monday,61
CFA,19:00,Monday,54
Capen,19:00,Monday,85
Cfa,19:00,Monday,85
Clemen,19:00,Monday,116
Cooke,19:00,Monday,68
Davis,19:00,Monday,47
Frnczk,19:00,Monday,44
Furnas,19:00,Monday,27
Hoch,19:00,Monday,22
Jacobs,19:00,Monday,218
Ketter,19:00,Monday,4
Knox,19:00,Monday,68
Norton,19:00,Monday,25
Nsc,19:00,Monday,293
Obrian,19:00,Monday,189
Park,19:00,Monday,74
Talbrt,19:00,Monday,41
Academ,19:00,Tuesday,13
Alfier,19:00,Tuesday,134
Alumni,19:00,Tuesday,20
Baird,19:00,Tuesday,15
Baldy,19:00,Tuesday,206
Bell,19:00,Tuesday,27
CFA,19:00,Tuesday,12
Capen,19:00,Tuesday,72
Cfa,19:00,Tuesday,30
Clemen,19:00,Tuesday,91
Cooke,19:00,Tuesday,117
Frnczk,19:00,Tuesday,102
Furnas,19:00,Tuesday,7
Hoch,19:00,Tuesday,35
Jacobs,19:00,Tuesday,160
Knox,19:00,Tuesday,127
Norton,19:00,Tuesday,165
Nsc,19:00,Tuesday,409
Obrian,19:00,Tuesday,196
Park,19:00,Tuesday,81
Slee,19:00,Tuesday,45
Talbrt,19:00,Tuesday,101
Wilkeson,19:00,Tuesday,19
Academ,19:00,Wednesday,23
Alfier,19:00,Wednesday,93
Alumni,19:00,Wednesday,32
Arr,19:00,Wednesday,50
Baird,19:00,Wednesday,66
Baldy,19:00,Wednesday,102
CFA,19:00,Wednesday,39
Capen,19:00,Wednesday,52
Cfa,19:00,Wednesday,18
Clemen,19:00,Wednesday,70
Cooke,19:00,Wednesday,68
Davis,19:00,Wednesday,47
Frnczk,19:00,Wednesday,21
Furnas,19:00,Wednesday,40
Hoch,19:00,Wednesday,24
Jacobs,19:00,Wednesday,189
Ketter,19:00,Wednesday,9
Knox,19:00,Wednesday,37
Norton,19:00,Wednesday,78
Nsc,19:00,Wednesday,247
Obrian,19:00,Wednesday,151
Park,19:00,Wednesday,15
Talbrt,19:00,Wednesday,70
Academ,19:15,Monday,108
Alfier,19:15,Monday,90
Alumni,19:15,Monday,44
Arr,19:15,Monday,49
Baird,19:15,Monday,24
Baldy,19:15,Monday,61
CFA,19:15,Monday,54
Capen,19:15,Monday,72
Cfa,19:15,Monday,71
Clemen,19:15,Monday,116
Cooke,19:15,Monday,59
Davis,19:15,Monday,47
Frnczk,19:15,Monday,44
Furnas,19:15,Monday,27
Hoch,19:15,Monday,22
Jacobs,19:15,Monday,218
Ketter,19:15,Monday,4
Knox,19:15,Monday,68
Norton,19:15,Monday,25
Nsc,19:15,Monday,293
Obrian,19:15,Monday,189
Park,19:15,Monday,74
Talbrt,19:15,Monday,41
Academ,19:15,Tuesday,13
Alfier,19:15,Tuesday,134
Alumni,19:15,Tuesday,20
Baird,19:15,Tuesday,15
Baldy,19:15,Tuesday,206
Bell,19:15,Tuesday,27
CFA,19:15,Tuesday,12
Capen,19:15,Tuesday,69
Cfa,19:15,Tuesday,30
Clemen,19:15,Tuesday,91
Cooke,19:15,Tuesday,117
Frnczk,19:15,Tuesday,102
Furnas,19:15,Tuesday,7
Hoch,19:15,Tuesday,35
Jacobs,19:15,Tuesday,160
Norton,19:15,Tuesday,165
Nsc,19:15,Tuesday,409
Obrian,19:15,Tuesday,145
Park,19:15,Tuesday,81
Slee,19:15,Tuesday,45
Talbrt,19:15,Tuesday,101
Wilkeson,19:15,Tuesday,19
Academ,19:15,Wednesday,17
Alfier,19:15,Wednesday,93
Alumni,19:15,Wednesday,32
Arr,19:15,Wednesday,50
Baird,19:15,Wednesday,66
Baldy,19:15,Wednesday,86
CFA,19:15,Wednesday,39
Capen,19:15,Wednesday,39
Clemen,19:15,Wednesday,70
Cooke,19:15,Wednesday,59
Davis,19:15,Wednesday,47
Frnczk,19:15,Wednesday,21
Furnas,19:15,Wednesday,40
Hoch,19:15,Wednesday,24
Jacobs,19:15,Wednesday,189
Ketter,19:15,Wednesday,9
Knox,19:15,Wednesday,37
Norton,19:15,Wednesday,78
Nsc,19:15,Wednesday,247
Obrian,19:15,Wednesday,151
Park,19:15,Wednesday,15
Talbrt,19:15,Wednesday,70
Academ,19:30,Monday,108
Alfier,19:30,Monday,90
Alumni,19:30,Monday,44
Arr,19:30,Monday,49
Baird,19:30,Monday,24
Baldy,19:30,Monday,61
CFA,19:30,Monday,54
Capen,19:30,Monday,72
Cfa,19:30,Monday,71
Clemen,19:30,Monday,116
Cooke,19:30,Monday,35
Davis,19:30,Monday,47
Frnczk,19:30,Monday,44
Furnas,19:30,Monday,27
Hoch,19:30,Monday,22
Jacobs,19:30,Monday,218
Ketter,19:30,Monday,4
Knox,19:30,Monday,68
Norton,19:30,Monday,25
Nsc,19:30,Monday,293
Obrian,19:30,Monday,189
Park,19:30,Monday,74
Talbrt,19:30,Monday,41
Academ,19:30,Tuesday,13
Alfier,19:30,Tuesday,134
Baldy,19:30,Tuesday,206
Bell,19:30,Tuesday,27
CFA,19:30,Tuesday,12
Capen,19:30,Tuesday,69
Cfa,19:30,Tuesday,30
Clemen,19:30,Tuesday,85
Cooke,19:30,Tuesday,117
Frnczk,19:30,Tuesday,102
Furnas,19:30,Tuesday,7
Hoch,19:30,Tuesday,24
Jacobs,19:30,Tuesday,160
Norton,19:30,Tuesday,165
Nsc,19:30,Tuesday,409
Obrian,19:30,Tuesday,145
Park,19:30,Tuesday,81
Slee,19:30,Tuesday,45
Talbrt,19:30,Tuesday,101
Wilkeson,19:30,Tuesday,19
Academ,19:30,Wednesday,17
Alfier,19:30,Wednesday,93
Alumni,19:30,Wednesday,32
Arr,19:30,Wednesday,50
Baird,19:30,Wednesday,66
Baldy,19:30,Wednesday,42
CFA,19:30,Wednesday,39
Capen,19:30,Wednesday,39
Clemen,19:30,Wednesday,70
Cooke,19:30,Wednesday,59
Davis,19:30,Wednesday,47
Frnczk,19:30,Wednesday,21
Furnas,19:30,Wednesday,40
Hoch,19:30,Wednesday,24
Jacobs,19:30,Wednesday,189
Ketter,19:30,Wednesday,9
Knox,19:30,Wednesday,37
Norton,19:30,Wednesday,78
Nsc,19:30,Wednesday,247
Obrian,19:30,Wednesday,151
Park,19:30,Wednesday,15
Talbrt,19:30,Wednesday,70
Academ,19:45,Monday,19
Alfier,19:45,Monday,90
Alumni,19:45,Monday,44
Arr,19:45,Monday,49
Baird,19:45,Monday,24
Baldy,19:45,Monday,17
CFA,19:45,Monday,54
Capen,19:45,Monday,31
Cfa,19:45,Monday,71
Clemen,19:45,Monday,116
Davis,19:45,Monday,47
Frnczk,19:45,Monday,11
Furnas,19:45,Monday,27
Hoch,19:45,Monday,22
Jacobs,19:45,Monday,218
Knox,19:45,Monday,68
Norton,19:45,Monday,19
Nsc,19:45,Monday,170
Obrian,19:45,Monday,120
Park,19:45,Monday,74
Academ,19:45,Tuesday,13
Alfier,19:45,Tuesday,134
Baldy,19:45,Tuesday,142
Bell,19:45,Tuesday,27
CFA,19:45,Tuesday,12
Capen,19:45,Tuesday,69
Cfa,19:45,Tuesday,8
Clemen,19:45,Tuesday,46
Cooke,19:45,Tuesday,15
Frnczk,19:45,Tuesday,66
Furnas,19:45,Tuesday,7
Hoch,19:45,Tuesday,24
Jacobs,19:45,Tuesday,138
Nsc,19:45,Tuesday,124
Obrian,19:45,Tuesday,145
Park,19:45,Tuesday,52
Slee,19:45,Tuesday,45
Talbrt,19:45,Tuesday,44
Academ,19:45,Wednesday,17
Alfier,19:45,Wednesday,93
Alumni,19:45,Wednesday,10
Arr,19:45,Wednesday,50
Baird,19:45,Wednesday,66
Baldy,19:45,Wednesday,4
CFA,19:45,Wednesday,39
Capen,19:45,Wednesday,39
Clemen,19:45,Wednesday,70
Davis,19:45,Wednesday,47
Furnas,19:45,Wednesday,40
Hoch,19:45,Wednesday,24
Jacobs,19:45,Wednesday,163
Knox,19:45,Wednesday,37
Norton,19:45,Wednesday,32
Nsc,19:45,Wednesday,124
Obrian,19:45,Wednesday,151
Park,19:45,Wednesday,15
Academ,20:00,Monday,19
Alfier,20:00,Monday,90
Alumni,20:00,Monday,44
Arr,20:00,Monday,49
Baird,20:00,Monday,24
Baldy,20:00,Monday,43
CFA,20:00,Monday,54
Capen,20:00,Monday,31
Cfa,20:00,Monday,71
Clemen,20:00,Monday,116
Davis,20:00,Monday,47
Frnczk,20:00,Monday,43
Furnas,20:00,Monday,27
Hoch,20:00,Monday,22
Jacobs,20:00,Monday,218
Knox,20:00,Monday,68
Norton,20:00,Monday,19
Nsc,20:00,Monday,170
Obrian,20:00,Monday,90
Park,20:00,Monday,74
Academ,20:00,Tuesday,13
Alfier,20:00,Tuesday,134
Alumni,20:00,Tuesday,17
Baldy,20:00,Tuesday,174
Bell,20:00,Tuesday,27
CFA,20:00,Tuesday,12
Capen,20:00,Tuesday,69
Cfa,20:00,Tuesday,8
Clemen,20:00,Tuesday,46
Cooke,20:00,Tuesday,15
Frnczk,20:00,Tuesday,66
Furnas,20:00,Tuesday,7
Hoch,20:00,Tuesday,24
Jacobs,20:00,Tuesday,138
Nsc,20:00,Tuesday,124
Obrian,20:00,Tuesday,104
Park,20:00,Tuesday,52
Slee,20:00,Tuesday,45
Talbrt,20:00,Tuesday,44
Academ,20:00,Wednesday,17
Alfier,20:00,Wednesday,93
Alumni,20:00,Wednesday,10
Arr,20:00,Wednesday,50
Baird,20:00,Wednesday,66
Baldy,20:00,Wednesday,4
CFA,20:00,Wednesday,39
Capen,20:00,Wednesday,39
Clemen,20:00,Wednesday,70
Davis,20:00,Wednesday,47
Furnas,20:00,Wednesday,40
Hoch,20:00,Wednesday,24
Jacobs,20:00,Wednesday,163
Knox,20:00,Wednesday,37
Norton,20:00,Wednesday,32
Nsc,20:00,Wednesday,124
Obrian,20:00,Wednesday,120
Park,20:00,Wednesday,15
Academ,20:15,Monday,19
Alfier,20:15,Monday,90
Alumni,20:15,Monday,44
Arr,20:15,Monday,49
Baird,20:15,Monday,24
Baldy,20:15,Monday,43
CFA,20:15,Monday,54
Capen,20:15,Monday,31
Cfa,20:15,Monday,71
Clemen,20:15,Monday,116
Frnczk,20:15,Monday,43
Furnas,20:15,Monday,8
Hoch,20:15,Monday,22
Jacobs,20:15,Monday,218
Knox,20:15,Monday,68
Norton,20:15,Monday,19
Nsc,20:15,Monday,158
Obrian,20:15,Monday,90
Park,20:15,Monday,74
Academ,20:15,Tuesday,13
Alfier,20:15,Tuesday,134
Alumni,20:15,Tuesday,17
Baldy,20:15,Tuesday,161
Bell,20:15,Tuesday,27
Capen,20:15,Tuesday,69
Cfa,20:15,Tuesday,8
Clemen,20:15,Tuesday,46
Cooke,20:15,Tuesday,15
Frnczk,20:15,Tuesday,66
Furnas,20:15,Tuesday,7
Hoch,20:15,Tuesday,24
Jacobs,20:15,Tuesday,138
Nsc,20:15,Tuesday,121
Obrian,20:15,Tuesday,82
Park,20:15,Tuesday,52
Slee,20:15,Tuesday,45
Talbrt,20:15,Tuesday,44
Academ,20:15,Wednesday,17
Alfier,20:15,Wednesday,93
Alumni,20:15,Wednesday,10
Arr,20:15,Wednesday,50
Baird,20:15,Wednesday,66
Baldy,20:15,Wednesday,4
CFA,20:15,Wednesday,39
Capen,20:15,Wednesday,39
Clemen,20:15,Wednesday,70
Furnas,20:15,Wednesday,18
Hoch,20:15,Wednesday,24
Jacobs,20:15,Wednesday,163
Knox,20:15,Wednesday,37
Norton,20:15,Wednesday,32
Nsc,20:15,Wednesday,93
Obrian,20:15,Wednesday,120
Park,20:15,Wednesday,15
Academ,20:30,Monday,19
Alfier,20:30,Monday,90
Alumni,20:30,Monday,44
Arr,20:30,Monday,49
Baldy,20:30,Monday,43
Capen,20:30,Monday,31
Cfa,20:30,Monday,71
Clemen,20:30,Monday,116
Frnczk,20:30,Monday,43
Furnas,20:30,Monday,8
Hoch,20:30,Monday,22
Jacobs,20:30,Monday,218
Knox,20:30,Monday,68
Norton,20:30,Monday,19
Nsc,20:30,Monday,158
Obrian,20:30,Monday,90
Park,20:30,Monday,74
Academ,20:30,Tuesday,13
Alfier,20:30,Tuesday,134
Alumni,20:30,Tuesday,17
Baldy,20:30,Tuesday,174
Bell,20:30,Tuesday,27
Capen,20:30,Tuesday,69
Cfa,20:30,Tuesday,8
Clemen,20:30,Tuesday,46
Cooke,20:30,Tuesday,15
Frnczk,20:30,Tuesday,66
Furnas,20:30,Tuesday,7
Hoch,20:30,Tuesday,24
Jacobs,20:30,Tuesday,138
Nsc,20:30,Tuesday,121
Obrian,20:30,Tuesday,82
Park,20:30,Tuesday,52
Talbrt,20:30,Tuesday,44
Academ,20:30,Wednesday,17
Alfier,20:30,Wednesday,93
Alumni,20:30,Wednesday,10
Arr,20:30,Wednesday,50
Baldy,20:30,Wednesday,4
Capen,20:30,Wednesday,39
Clemen,20:30,Wednesday,70
Furnas,20:30,Wednesday,18
Hoch,20:30,Wednesday,24
Jacobs,20:30,Wednesday,163
Knox,20:30,Wednesday,37
Norton,20:30,Wednesday,32
Nsc,20:30,Wednesday,93
Obrian,20:30,Wednesday,112
Park,20:30,Wednesday,15
Alfier,8:15,Monday,78
Baldy,8:15,Monday,50
Capen,8:15,Monday,15
Clemen,8:15,Monday,59
Cooke,8:15,Monday,179
Davis,8:15,Monday,35
Frnczk,8:15,Monday,25
Jacobs,8:15,Monday,37
Knox,8:15,Monday,36
Nsc,8:15,Monday,110
Obrian,8:15,Monday,67
Park,8:15,Monday,25
Talbrt,8:15,Monday,25
Alfier,8:15,Wednesday,78
Baldy,8:15,Wednesday,74
Capen,8:15,Wednesday,29
Clemen,8:15,Wednesday,67
Cooke,8:15,Wednesday,163
Davis,8:15,Wednesday,35
Frnczk,8:15,Wednesday,15
Furnas,8:15,Wednesday,7
Hoch,8:15,Wednesday,21
Jacobs,8:15,Wednesday,37
Knox,8:15,Wednesday,36
Nsc,8:15,Wednesday,110
Obrian,8:15,Wednesday,67
Park,8:15,Wednesday,25
Talbrt,8:15,Wednesday,49
Alfier,8:30,Monday,78
Baldy,8:30,Monday,50
Bell,8:30,Monday,7
Capen,8:30,Monday,15
Clemen,8:30,Monday,59
Cooke,8:30,Monday,179
Davis,8:30,Monday,35
Frnczk,8:30,Monday,25
Jacobs,8:30,Monday,37
Knox,8:30,Monday,36
Nsc,8:30,Monday,110
Obrian,8:30,Monday,67
Park,8:30,Monday,25
Talbrt,8:30,Monday,25
Alfier,8:30,Wednesday,78
Baldy,8:30,Wednesday,74
Bell,8:30,Wednesday,7
Capen,8:30,Wednesday,29
Clemen,8:30,Wednesday,67
Cooke,8:30,Wednesday,163
Davis,8:30,Wednesday,35
Frnczk,8:30,Wednesday,15
Furnas,8:30,Wednesday,7
Hoch,8:30,Wednesday,21
Jacobs,8:30,Wednesday,37
Knox,8:30,Wednesday,36
Nsc,8:30,Wednesday,110
Obrian,8:30,Wednesday,67
Park,8:30,Wednesday,25
Talbrt,8:30,Wednesday,49
Alfier,8:45,Monday,78
Baldy,8:45,Monday,50
Bell,8:45,Monday,7
Cooke,8:45,Monday,35
Jacobs,8:45,Monday,37
Knox,8:45,Monday,36
Obrian,8:45,Monday,67
Talbrt,8:45,Monday,25
Alfier,8:45,Wednesday,78
Baldy,8:45,Wednesday,49
Bell,8:45,Wednesday,7
Cooke,8:45,Wednesday,59
Furnas,8:45,Wednesday,7
Jacobs,8:45,Wednesday,37
Knox,8:45,Wednesday,36
Obrian,8:45,Wednesday,67
Talbrt,8:45,Wednesday,26
Alfier,11:45,Monday,115
Baldy,11:45,Monday,93
Bell,11:45,Monday,16
Capen,11:45,Monday,27
Cfa,11:45,Monday,188
Clemen,11:45,Monday,70
Cooke,11:45,Monday,24
Frnczk,11:45,Monday,107
Furnas,11:45,Monday,31
Jacobs,11:45,Monday,162
Jarvis,11:45,Monday,20
Norton,11:45,Monday,89
Nsc,11:45,Monday,57
Obrian,11:45,Monday,187
Park,11:45,Monday,37
Wilkeson,11:45,Monday,24
Alfier,11:45,Wednesday,115
Baldy,11:45,Wednesday,74
Bell,11:45,Wednesday,16
Cfa,11:45,Wednesday,77
Clemen,11:45,Wednesday,104
Frnczk,11:45,Wednesday,133
Furnas,11:45,Wednesday,38
Jacobs,11:45,Wednesday,162
Jarvis,11:45,Wednesday,19
Norton,11:45,Wednesday,89
Nsc,11:45,Wednesday,57
Obrian,11:45,Wednesday,251
Park,11:45,Wednesday,25
Talbrt,11:45,Wednesday,23
Wilkeson,11:45,Wednesday,35
Alfier,12:15,Thursday,102
Alumni,12:15,Thursday,29
Baldy,12:15,Thursday,51
CFA,12:15,Thursday,8
Cfa,12:15,Thursday,189
Clemen,12:15,Thursday,17
Cooke,12:15,Thursday,79
Frnczk,12:15,Thursday,73
Hoch,12:15,Thursday,67
Jacobs,12:15,Thursday,25
Obrian,12:15,Thursday,9
Alfier,12:15,Tuesday,102
Alumni,12:15,Tuesday,29
Baldy,12:15,Tuesday,50
Bell,12:15,Tuesday,24
CFA,12:15,Tuesday,7
Cfa,12:15,Tuesday,120
Clemen,12:15,Tuesday,6
Cooke,12:15,Tuesday,79
Frnczk,12:15,Tuesday,63
Furnas,12:15,Tuesday,38
Hoch,12:15,Tuesday,48
Obrian,12:15,Tuesday,9
Park,12:15,Tuesday,12
Alfier,15:15,Friday,25
Baird,15:15,Friday,3
Baldy,15:15,Friday,163
Bell,15:15,Friday,14
CFA,15:15,Friday,20
Capen,15:15,Friday,30
Clemen,15:15,Friday,232
Cooke,15:15,Friday,151
Davis,15:15,Friday,51
Frnczk,15:15,Friday,100
Furnas,15:15,Friday,40
Jacobs,15:15,Friday,169
Jarvis,15:15,Friday,23
Knox,15:15,Friday,690
Math,15:15,Friday,34
Norton,15:15,Friday,277
Nsc,15:15,Friday,730
Obrian,15:15,Friday,122
Park,15:15,Friday,80
Spaulding,15:15,Friday,12
Talbrt,15:15,Friday,157
Alfier,15:30,Friday,25
Baird,15:30,Friday,3
Baldy,15:30,Friday,151
Bell,15:30,Friday,14
Bonner,15:30,Friday,16
CFA,15:30,Friday,20
Capen,15:30,Friday,30
Clemen,15:30,Friday,232
Cooke,15:30,Friday,151
Davis,15:30,Friday,51
Frnczk,15:30,Friday,100
Furnas,15:30,Friday,40
Jacobs,15:30,Friday,169
Jarvis,15:30,Friday,23
Knox,15:30,Friday,690
Math,15:30,Friday,34
Norton,15:30,Friday,277
Nsc,15:30,Friday,730
Obrian,15:30,Friday,122
Park,15:30,Friday,80
Spaulding,15:30,Friday,12
Talbrt,15:30,Friday,157
Alfier,16:00,Friday,25
Baird,16:00,Friday,9
Baldy,16:00,Friday,179
Bell,16:00,Friday,29
Bonner,16:00,Friday,16
Capen,16:00,Friday,15
Clemen,16:00,Friday,99
Cooke,16:00,Friday,165
Davis,16:00,Friday,23
Frnczk,16:00,Friday,82
Furnas,16:00,Friday,12
Hoch,16:00,Friday,24
Jacobs,16:00,Friday,77
Knox,16:00,Friday,320
Norton,16:00,Friday,118
Nsc,16:00,Friday,336
Obrian,16:00,Friday,33
Park,16:00,Friday,40
Spaulding,16:00,Friday,12
Talbrt,16:00,Friday,14
Alfier,16:15,Friday,25
Baird,16:15,Friday,9
Baldy,16:15,Friday,179
Bell,16:15,Friday,29
Bonner,16:15,Friday,16
Capen,16:15,Friday,35
Clemen,16:15,Friday,99
Cooke,16:15,Friday,165
Davis,16:15,Friday,23
Frnczk,16:15,Friday,82
Furnas,16:15,Friday,12
Hoch,16:15,Friday,24
Jacobs,16:15,Friday,77
Knox,16:15,Friday,320
Norton,16:15,Friday,118
Nsc,16:15,Friday,336
Obrian,16:15,Friday,33
Park,16:15,Friday,40
Spaulding,16:15,Friday,12
Talbrt,16:15,Friday,14
Alfier,16:30,Friday,25
Baird,16:30,Friday,9
Baldy,16:30,Friday,179
Bell,16:30,Friday,29
Bonner,16:30,Friday,16
Capen,16:30,Friday,35
Clemen,16:30,Friday,99
Cooke,16:30,Friday,165
Davis,16:30,Friday,23
Frnczk,16:30,Friday,82
Furnas,16:30,Friday,12
Hoch,16:30,Friday,24
Jacobs,16:30,Friday,77
Knox,16:30,Friday,320
Norton,16:30,Friday,118
Nsc,16:30,Friday,336
Obrian,16:30,Friday,25
Park,16:30,Friday,40
Spaulding,16:30,Friday,12
Talbrt,16:30,Friday,14
Alfier,18:30,Thursday,102
Alumni,18:30,Thursday,11
Baldy,18:30,Thursday,200
Bell,18:30,Thursday,53
Capen,18:30,Thursday,67
Cfa,18:30,Thursday,47
Clemen,18:30,Thursday,54
Cooke,18:30,Thursday,102
Frnczk,18:30,Thursday,88
Furnas,18:30,Thursday,30
Hoch,18:30,Thursday,22
Jacobs,18:30,Thursday,193
Ketter,18:30,Thursday,6
Knox,18:30,Thursday,127
Norton,18:30,Thursday,202
Nsc,18:30,Thursday,422
Obrian,18:30,Thursday,165
Park,18:30,Thursday,10
Slee,18:30,Thursday,45
Spaulding,18:30,Thursday,16
Talbrt,18:30,Thursday,57
Alfier,18:45,Thursday,102
Alumni,18:45,Thursday,4
Baldy,18:45,Thursday,34
Bell,18:45,Thursday,27
Capen,18:45,Thursday,43
Cfa,18:45,Thursday,12
Clemen,18:45,Thursday,22
Cooke,18:45,Thursday,102
Frnczk,18:45,Thursday,10
Furnas,18:45,Thursday,30
Hoch,18:45,Thursday,22
Jacobs,18:45,Thursday,158
Knox,18:45,Thursday,127
Norton,18:45,Thursday,165
Nsc,18:45,Thursday,422
Obrian,18:45,Thursday,139
Slee,18:45,Thursday,45
Spaulding,18:45,Thursday,16
Talbrt,18:45,Thursday,57
Alfier,19:00,Thursday,102
Alumni,19:00,Thursday,4
Baldy,19:00,Thursday,110
Bell,19:00,Thursday,27
Capen,19:00,Thursday,43
Cfa,19:00,Thursday,12
Clemen,19:00,Thursday,26
Cooke,19:00,Thursday,102
Frnczk,19:00,Thursday,10
Furnas,19:00,Thursday,30
Hoch,19:00,Thursday,22
Jacobs,19:00,Thursday,183
Knox,19:00,Thursday,127
Norton,19:00,Thursday,165
Nsc,19:00,Thursday,422
Obrian,19:00,Thursday,139
Slee,19:00,Thursday,45
Spaulding,19:00,Thursday,16
Talbrt,19:00,Thursday,57
Alfier,19:15,Thursday,102
Baldy,19:15,Thursday,110
Bell,19:15,Thursday,27
Capen,19:15,Thursday,28
Cfa,19:15,Thursday,12
Clemen,19:15,Thursday,26
Cooke,19:15,Thursday,102
Frnczk,19:15,Thursday,10
Furnas,19:15,Thursday,30
Hoch,19:15,Thursday,22
Jacobs,19:15,Thursday,183
Norton,19:15,Thursday,165
Nsc,19:15,Thursday,422
Obrian,19:15,Thursday,88
Slee,19:15,Thursday,45
Spaulding,19:15,Thursday,16
Talbrt,19:15,Thursday,57
Alfier,19:30,Thursday,102
Baldy,19:30,Thursday,110
Bell,19:30,Thursday,27
Capen,19:30,Thursday,28
Cfa,19:30,Thursday,12
Clemen,19:30,Thursday,26
Cooke,19:30,Thursday,102
Frnczk,19:30,Thursday,10
Furnas,19:30,Thursday,30
Hoch,19:30,Thursday,22
Jacobs,19:30,Thursday,183
Norton,19:30,Thursday,165
Nsc,19:30,Thursday,422
Obrian,19:30,Thursday,88
Slee,19:30,Thursday,45
Spaulding,19:30,Thursday,16
Talbrt,19:30,Thursday,57
Alfier,19:45,Thursday,102
Baldy,19:45,Thursday,110
Bell,19:45,Thursday,27
Cfa,19:45,Thursday,12
Clemen,19:45,Thursday,26
Frnczk,19:45,Thursday,10
Furnas,19:45,Thursday,30
Hoch,19:45,Thursday,22
Jacobs,19:45,Thursday,158
Nsc,19:45,Thursday,137
Obrian,19:45,Thursday,64
Slee,19:45,Thursday,45
Alfier,20:00,Thursday,102
Baldy,20:00,Thursday,93
Bell,20:00,Thursday,27
Cfa,20:00,Thursday,12
Clemen,20:00,Thursday,26
Cooke,20:00,Thursday,45
Frnczk,20:00,Thursday,10
Furnas,20:00,Thursday,30
Hoch,20:00,Thursday,22
Jacobs,20:00,Thursday,158
Nsc,20:00,Thursday,137
Obrian,20:00,Thursday,64
Slee,20:00,Thursday,45
Alfier,20:15,Thursday,102
Baldy,20:15,Thursday,80
Bell,20:15,Thursday,27
Cfa,20:15,Thursday,12
Clemen,20:15,Thursday,26
Cooke,20:15,Thursday,45
Frnczk,20:15,Thursday,10
Furnas,20:15,Thursday,30
Hoch,20:15,Thursday,22
Jacobs,20:15,Thursday,158
Nsc,20:15,Thursday,134
Obrian,20:15,Thursday,64
Slee,20:15,Thursday,45
Alfier,20:30,Thursday,102
Baldy,20:30,Thursday,80
Bell,20:30,Thursday,27
Cfa,20:30,Thursday,12
Clemen,20:30,Thursday,26
Cooke,20:30,Thursday,45
Frnczk,20:30,Thursday,10
Furnas,20:30,Thursday,30
Hoch,20:30,Thursday,22
Jacobs,20:30,Thursday,158
Nsc,20:30,Thursday,134
Obrian,20:30,Thursday,64
Alfier,20:45,Monday,90
Arr,20:45,Monday,29
Baldy,20:45,Monday,43
Capen,20:45,Monday,15
Cfa,20:45,Monday,7
Clemen,20:45,Monday,98
Frnczk,20:45,Monday,11
Hoch,20:45,Monday,22
Jacobs,20:45,Monday,218
Knox,20:45,Monday,68
Obrian,20:45,Monday,70
Park,20:45,Monday,56
Alfier,20:45,Thursday,102
Baldy,20:45,Thursday,80
Bell,20:45,Thursday,27
Cfa,20:45,Thursday,12
Clemen,20:45,Thursday,26
Hoch,20:45,Thursday,22
Jacobs,20:45,Thursday,158
Obrian,20:45,Thursday,36
Alfier,20:45,Tuesday,134
Alumni,20:45,Tuesday,17
Baldy,20:45,Tuesday,160
Bell,20:45,Tuesday,27
Capen,20:45,Tuesday,55
Cfa,20:45,Tuesday,8
Cooke,20:45,Tuesday,15
Frnczk,20:45,Tuesday,15
Hoch,20:45,Tuesday,24
Jacobs,20:45,Tuesday,138
Obrian,20:45,Tuesday,82
Park,20:45,Tuesday,52
Talbrt,20:45,Tuesday,44
Alfier,20:45,Wednesday,93
Arr,20:45,Wednesday,30
Baldy,20:45,Wednesday,4
Capen,20:45,Wednesday,39
Clemen,20:45,Wednesday,70
Hoch,20:45,Wednesday,24
Jacobs,20:45,Wednesday,163
Knox,20:45,Wednesday,37
Obrian,20:45,Wednesday,8
Park,20:45,Wednesday,3
Alfier,21:00,Monday,90
Arr,21:00,Monday,29
Baldy,21:00,Monday,43
Capen,21:00,Monday,15
Clemen,21:00,Monday,98
Frnczk,21:00,Monday,11
Hoch,21:00,Monday,22
Jacobs,21:00,Monday,218
Knox,21:00,Monday,68
Obrian,21:00,Monday,27
Park,21:00,Monday,56
Alfier,21:00,Thursday,102
Baldy,21:00,Thursday,80
Bell,21:00,Thursday,27
Clemen,21:00,Thursday,26
Hoch,21:00,Thursday,22
Jacobs,21:00,Thursday,158
Obrian,21:00,Thursday,13
Alfier,21:00,Tuesday,134
Alumni,21:00,Tuesday,17
Baldy,21:00,Tuesday,160
Bell,21:00,Tuesday,27
Capen,21:00,Tuesday,55
Cooke,21:00,Tuesday,15
Frnczk,21:00,Tuesday,15
Hoch,21:00,Tuesday,24
Jacobs,21:00,Tuesday,138
Park,21:00,Tuesday,52
Talbrt,21:00,Tuesday,44
Alfier,21:00,Wednesday,93
Arr,21:00,Wednesday,30
Baldy,21:00,Wednesday,4
Capen,21:00,Wednesday,39
Clemen,21:00,Wednesday,70
Hoch,21:00,Wednesday,24
Jacobs,21:00,Wednesday,163
Knox,21:00,Wednesday,37
Park,21:00,Wednesday,3
Alumni,11:45,Friday,22
Arr,11:45,Friday,5
Baird,11:45,Friday,2
Baldy,11:45,Friday,44
Cfa,11:45,Friday,9
Clemen,11:45,Friday,38
Frnczk,11:45,Friday,41
Furnas,11:45,Friday,19
Jacobs,11:45,Friday,51
Jarvis,11:45,Friday,12
Obrian,11:45,Friday,7
Park,11:45,Friday,13
Wilkeson,11:45,Friday,21
Alumni,18:15,Thursday,7
Baldy,18:15,Thursday,200
Bell,18:15,Thursday,53
Capen,18:15,Thursday,27
Cfa,18:15,Thursday,47
Clemen,18:15,Thursday,39
Cooke,18:15,Thursday,59
Frnczk,18:15,Thursday,88
Furnas,18:15,Thursday,17
Hoch,18:15,Thursday,22
Jacobs,18:15,Thursday,39
Ketter,18:15,Thursday,6
Knox,18:15,Thursday,127
Norton,18:15,Thursday,37
Nsc,18:15,Thursday,137
Obrian,18:15,Thursday,165
Park,18:15,Thursday,10
Spaulding,18:15,Thursday,16
Talbrt,18:15,Thursday,34
Alumni,21:15,Tuesday,17
Baldy,21:15,Tuesday,147
Bell,21:15,Tuesday,27
Capen,21:15,Tuesday,6
Hoch,21:15,Tuesday,24
Park,21:15,Tuesday,37
Talbrt,21:15,Tuesday,31
Alumni,21:30,Tuesday,17
Baldy,21:30,Tuesday,147
Bell,21:30,Tuesday,27
Capen,21:30,Tuesday,6
Hoch,21:30,Tuesday,24
Park,21:30,Tuesday,37
Talbrt,21:30,Tuesday,31
Alumni,21:45,Tuesday,17
Bell,21:45,Tuesday,27
Arr,10:45,Friday,5
Baird,10:45,Friday,2
Baldy,10:45,Friday,53
Bell,10:45,Friday,8
Bonner,10:45,Friday,11
Cfa,10:45,Friday,9
Clemen,10:45,Friday,6
Frnczk,10:45,Friday,77
Furnas,10:45,Friday,41
Jacobs,10:45,Friday,51
Obrian,10:45,Friday,23
Park,10:45,Friday,24
Talbrt,10:45,Friday,35
Arr,12:45,Friday,5
Baldy,12:45,Friday,49
Bonner,12:45,Friday,16
Cfa,12:45,Friday,23
Clemen,12:45,Friday,15
Cooke,12:45,Friday,35
Frnczk,12:45,Friday,26
Furnas,12:45,Friday,28
Jarvis,12:45,Friday,12
Obrian,12:45,Friday,13
Park,12:45,Friday,8
Ubcmns,12:45,Friday,11
Arr,21:15,Monday,29
Baldy,21:15,Monday,43
Capen,21:15,Monday,15
Clemen,21:15,Monday,17
Hoch,21:15,Monday,22
Obrian,21:15,Monday,27
Park,21:15,Monday,40
Arr,21:15,Wednesday,29
Baldy,21:15,Wednesday,4
Hoch,21:15,Wednesday,24
Arr,21:30,Monday,29
Baldy,21:30,Monday,43
Capen,21:30,Monday,15
Clemen,21:30,Monday,17
Hoch,21:30,Monday,22
Obrian,21:30,Monday,14
Park,21:30,Monday,40
Arr,21:30,Wednesday,29
Baldy,21:30,Wednesday,4
Hoch,21:30,Wednesday,24
Baird,15:45,Friday,3
Baldy,15:45,Friday,47
Bonner,15:45,Friday,16
CFA,15:45,Friday,20
Furnas,15:45,Friday,12
Knox,15:45,Friday,189
Norton,15:45,Friday,15
Nsc,15:45,Friday,91
Obrian,15:45,Friday,8
Spaulding,15:45,Friday,12
Baird,16:45,Friday,9
Baldy,16:45,Friday,26
Bonner,16:45,Friday,16
Capen,16:45,Friday,20
Clemen,16:45,Friday,13
Frnczk,16:45,Friday,50
Knox,16:45,Friday,189
Obrian,16:45,Friday,25
Baird,18:30,Friday,24
Baldy,18:30,Friday,22
Clemen,18:30,Friday,13
Cooke,18:30,Friday,25
Frnczk,18:30,Friday,31
Norton,18:30,Friday,242
Nsc,18:30,Friday,139
Obrian,18:30,Friday,25
Baird,18:45,Friday,24
Baldy,18:45,Friday,6
Baird,19:00,Friday,24
Baldy,19:00,Friday,49
Frnczk,19:00,Friday,35
Baird,19:15,Friday,24
Baldy,19:15,Friday,49
Frnczk,19:15,Friday,35
Baird,19:30,Friday,24
Baldy,19:30,Friday,49
Frnczk,19:30,Friday,35
Baird,19:45,Friday,24
Baldy,19:45,Friday,49
Baird,20:00,Friday,24
Baldy,20:00,Friday,49
Baird,20:15,Friday,24
Baldy,20:15,Friday,49
Baldy,8:00,Friday,44
Clemen,8:00,Friday,24
Cooke,8:00,Friday,139
Davis,8:00,Friday,35
Frnczk,8:00,Friday,24
Jacobs,8:00,Friday,24
Obrian,8:00,Friday,38
Park,8:00,Friday,25
Talbrt,8:00,Friday,24
Ubcmns,8:00,Friday,7
Baldy,8:00,Monday,50
Capen,8:00,Monday,15
Clemen,8:00,Monday,59
Cooke,8:00,Monday,179
Davis,8:00,Monday,35
Frnczk,8:00,Monday,25
Jacobs,8:00,Monday,37
Knox,8:00,Monday,36
Nsc,8:00,Monday,110
Obrian,8:00,Monday,67
Park,8:00,Monday,25
Talbrt,8:00,Monday,25
Baldy,8:00,Wednesday,74
Capen,8:00,Wednesday,29
Clemen,8:00,Wednesday,67
Cooke,8:00,Wednesday,139
Davis,8:00,Wednesday,35
Frnczk,8:00,Wednesday,15
Furnas,8:00,Wednesday,7
Hoch,8:00,Wednesday,21
Jacobs,8:00,Wednesday,37
Knox,8:00,Wednesday,36
Nsc,8:00,Wednesday,110
Obrian,8:00,Wednesday,67
Park,8:00,Wednesday,25
Talbrt,8:00,Wednesday,49
Baldy,8:15,Friday,44
Clemen,8:15,Friday,24
Cooke,8:15,Friday,163
Davis,8:15,Friday,35
Frnczk,8:15,Friday,24
Jacobs,8:15,Friday,24
Obrian,8:15,Friday,38
Park,8:15,Friday,25
Talbrt,8:15,Friday,24
Ubcmns,8:15,Friday,7
Baldy,8:30,Friday,44
Bonner,8:30,Friday,11
Clemen,8:30,Friday,24
Cooke,8:30,Friday,163
Davis,8:30,Friday,35
Frnczk,8:30,Friday,24
Jacobs,8:30,Friday,24
Obrian,8:30,Friday,38
Park,8:30,Friday,25
Talbrt,8:30,Friday,24
Ubcmns,8:30,Friday,7
Baldy,8:45,Friday,25
Bonner,8:45,Friday,11
Cooke,8:45,Friday,59
Ubcmns,8:45,Friday,7
Baldy,9:45,Friday,27
Bell,9:45,Friday,8
Bonner,9:45,Friday,18
Capen,9:45,Friday,32
Clemen,9:45,Friday,4
Cooke,9:45,Friday,58
Frnczk,9:45,Friday,10
Obrian,9:45,Friday,23
Park,9:45,Friday,11
Talbrt,9:45,Friday,74
Baldy,13:45,Friday,23
Bonner,13:45,Friday,16
Cfa,13:45,Friday,14
Clemen,13:45,Friday,15
Cooke,13:45,Friday,35
Frnczk,13:45,Friday,38
Furnas,13:45,Friday,28
Hoch,13:45,Friday,13
Jacobs,13:45,Friday,11
Jarvis,13:45,Friday,23
Math,13:45,Friday,50
Obrian,13:45,Friday,21
Park,13:45,Friday,10
Spaulding,13:45,Friday,12
Baldy,16:45,Thursday,261
Bell,16:45,Thursday,54
CFA,16:45,Thursday,64
Capen,16:45,Thursday,24
Cfa,16:45,Thursday,97
Clemen,16:45,Thursday,37
Cooke,16:45,Thursday,35
Frnczk,16:45,Thursday,29
Furnas,16:45,Thursday,20
Jacobs,16:45,Thursday,79
Ketter,16:45,Thursday,6
Knox,16:45,Thursday,32
Norton,16:45,Thursday,37
Obrian,16:45,Thursday,28
Park,16:45,Thursday,10
Slee,16:45,Thursday,42
Wilkeson,16:45,Thursday,23
Baldy,17:00,Friday,48
Bonner,17:00,Friday,16
Capen,17:00,Friday,98
Clemen,17:00,Friday,13
Cooke,17:00,Friday,35
Davis,17:00,Friday,19
Frnczk,17:00,Friday,78
Knox,17:00,Friday,189
Obrian,17:00,Friday,76
Baldy,17:15,Friday,48
Bonner,17:15,Friday,16
Capen,17:15,Friday,98
Clemen,17:15,Friday,13
Cooke,17:15,Friday,35
Davis,17:15,Friday,19
Frnczk,17:15,Friday,78
Knox,17:15,Friday,189
Obrian,17:15,Friday,76
Baldy,17:30,Friday,48
Bonner,17:30,Friday,16
Capen,17:30,Friday,98
Clemen,17:30,Friday,13
Cooke,17:30,Friday,35
Davis,17:30,Friday,19
Frnczk,17:30,Friday,78
Knox,17:30,Friday,189
Obrian,17:30,Friday,76
Baldy,17:45,Friday,22
Bonner,17:45,Friday,16
Capen,17:45,Friday,20
Clemen,17:45,Friday,13
Frnczk,17:45,Friday,23
Obrian,17:45,Friday,25
Baldy,18:00,Friday,22
Bonner,18:00,Friday,16
Capen,18:00,Friday,20
Clemen,18:00,Friday,13
Cooke,18:00,Friday,25
Frnczk,18:00,Friday,31
Norton,18:00,Friday,242
Nsc,18:00,Friday,139
Obrian,18:00,Friday,25
Baldy,18:15,Friday,22
Clemen,18:15,Friday,13
Cooke,18:15,Friday,25
Frnczk,18:15,Friday,31
Norton,18:15,Friday,242
Nsc,18:15,Friday,139
Obrian,18:15,Friday,25
Baldy,20:30,Friday,49
Baldy,21:15,Thursday,80
Bell,21:15,Thursday,27
Clemen,21:15,Thursday,11
Hoch,21:15,Thursday,22
Jacobs,21:15,Thursday,29
Obrian,21:15,Thursday,13
Baldy,21:30,Thursday,80
Bell,21:30,Thursday,27
Clemen,21:30,Thursday,11
Hoch,21:30,Thursday,22
Bell,21:45,Thursday,27